"","...1","fips","FIPS.x","stateName","countyName","ccvi","adi.median3","adi.mean3","adi.median3.uw","adi.mean3.uw","fips.y","ST","STATE","ST_ABBR","STCNTY","COUNTY","FIPS.y","LOCATION","RPL_THEMES","sviscore","year","countyfips","statefips","stateusps","pop","z_ED_nat","z_HE_nat","z_SE_nat","z_COI_nat","c5_ED_nat","c5_HE_nat","c5_SE_nat","c5_COI_nat","r_ED_nat","r_HE_nat","r_SE_nat","r_COI_nat","c5_ED_stt","c5_HE_stt","c5_SE_stt","c5_COI_stt","r_ED_stt","r_HE_stt","r_SE_stt","r_COI_stt","c5_ED_met","c5_HE_met","c5_SE_met","c5_COI_met","r_ED_met","r_HE_met","r_SE_met","r_COI_met","coi_num"
"1",1,"22071000100",22071000100,"LOUISIANA","Orleans",0.259874482204458,1,1,1,1,22071000100,22,"LOUISIANA","LA",22071,"Orleans",22071000100,"Census Tract 1, Orleans Parish, Louisiana",0.0557,0.0557,2015,22071,22,"LA",488,0.007659,-0.04131,0.121824,0.010681,"Moderate","Very Low","High","Moderate",59,10,70,58,"High","Very Low","Very High","High",77,17,85,79,"High","Very Low","High","High",65,19,80,72,4
"2",2,"22071000200",22071000200,"LOUISIANA","Orleans",0.629916460010252,4,4.5,4.5,4.5,22071000200,22,"LOUISIANA","LA",22071,"Orleans",22071000200,"Census Tract 2, Orleans Parish, Louisiana",0.5647,0.5647,2015,22071,22,"LA",260,-0.02565,-0.12718,-0.32246,-0.05392,"Low","Very Low","Very Low","Very Low",39,1,7,5,"Moderate","Very Low","Very Low","Very Low",48,1,13,9,"Low","Very Low","Very Low","Very Low",32,1,13,6,1
"3",3,"22071000300",22071000300,"LOUISIANA","Orleans",0.634903922084759,6,7,7,7,22071000300,22,"LOUISIANA","LA",22071,"Orleans",22071000300,"Census Tract 3, Orleans Parish, Louisiana",0.6466,0.6466,2015,22071,22,"LA",175,-0.02739,-0.12688,-0.17382,-0.03675,"Low","Very Low","Very Low","Very Low",38,1,18,12,"Moderate","Very Low","Low","Low",46,1,31,22,"Low","Very Low","Low","Very Low",29,1,30,20,2
"4",4,"22071000400",22071000400,"LOUISIANA","Orleans",0.653496072373616,4,5,5,5,22071000400,22,"LOUISIANA","LA",22071,"Orleans",22071000400,"Census Tract 4, Orleans Parish, Louisiana",0.7125,0.7125,2015,22071,22,"LA",479,-0.01352,-0.09407,-0.36646,-0.0542,"Moderate","Very Low","Very Low","Very Low",47,2,5,5,"Moderate","Very Low","Very Low","Very Low",60,3,9,9,"Moderate","Very Low","Very Low","Very Low",45,4,7,6,1
"5",5,"22071000601",22071000601,"LOUISIANA","Orleans",0.552250592261121,6,6,6,6,22071000601,22,"LOUISIANA","LA",22071,"Orleans",22071000601,"Census Tract 6.01, Orleans Parish, Louisiana",0.6681,0.6681,2015,22071,22,"LA",220,-0.00655,-0.09907,-0.67473,-0.08991,"Moderate","Very Low","Very Low","Very Low",51,2,1,1,"High","Very Low","Very Low","Very Low",66,3,1,1,"Moderate","Very Low","Very Low","Very Low",49,2,1,1,1
"6",6,"22071000602",22071000602,"LOUISIANA","Orleans",0.691996508776548,7.5,7.66666666666667,8,7.66666666666667,22071000602,22,"LOUISIANA","LA",22071,"Orleans",22071000602,"Census Tract 6.02, Orleans Parish, Louisiana",0.7661,0.7661,2015,22071,22,"LA",584,-0.02082,-0.04463,-0.12278,-0.02135,"Moderate","Very Low","Low","Low",42,9,24,23,"Moderate","Very Low","Low","Low",53,16,39,36,"Low","Very Low","Low","Low",36,17,37,32,2
"7",7,"22071000603",22071000603,"LOUISIANA","Orleans",0.818137737077624,7,7,7,7,22071000603,22,"LOUISIANA","LA",22071,"Orleans",22071000603,"Census Tract 6.03, Orleans Parish, Louisiana",0.9308,0.9308,2015,22071,22,"LA",290,-0.00638,-0.03454,-0.66302,-0.08169,"Moderate","Very Low","Very Low","Very Low",51,12,1,1,"High","Low","Very Low","Very Low",66,22,1,1,"Moderate","Low","Very Low","Very Low",49,22,1,1,1
"8",8,"22071000604",22071000604,"LOUISIANA","Orleans",0.765852509663208,6.5,7,7,7,22071000604,22,"LOUISIANA","LA",22071,"Orleans",22071000604,"Census Tract 6.04, Orleans Parish, Louisiana",0.8271,0.8271,2015,22071,22,"LA",1134,0.004383,-0.00807,-0.35282,-0.04152,"Moderate","Low","Very Low","Very Low",57,25,5,10,"High","Moderate","Very Low","Very Low",76,41,10,17,"High","Low","Very Low","Very Low",62,40,10,15,1
"9",9,"22071000605",22071000605,"LOUISIANA","Orleans",0.668971058865907,6,7,7,7,22071000605,22,"LOUISIANA","LA",22071,"Orleans",22071000605,"Census Tract 6.05, Orleans Parish, Louisiana",0.7773,0.7773,2015,22071,22,"LA",646,-0.01347,-0.01754,-0.20697,-0.02749,"Moderate","Very Low","Very Low","Very Low",47,20,14,18,"Moderate","Low","Low","Low",60,32,26,30,"Moderate","Low","Low","Low",45,31,25,27,2
"10",10,"22071000606",22071000606,"LOUISIANA","Orleans",0.694781175101481,3,3.33333333333333,3,3.33333333333333,22071000606,22,"LOUISIANA","LA",22071,"Orleans",22071000606,"Census Tract 6.06, Orleans Parish, Louisiana",0.3384,0.3384,2015,22071,22,"LA",778,0.016714,0.027796,0.074079,0.013436,"High","Moderate","Moderate","High",63,57,60,61,"Very High","Very High","High","Very High",84,83,78,81,"High","High","High","High",77,78,73,74,5
"11",11,"22071000607",22071000607,"LOUISIANA","Orleans",0.460342749477009,2.5,2.66666666666667,3,2.66666666666667,22071000607,22,"LOUISIANA","LA",22071,"Orleans",22071000607,"Census Tract 6.07, Orleans Parish, Louisiana",0.3377,0.3377,2015,22071,22,"LA",1450,0.021048,0.032528,0.143596,0.022525,"High","High","High","High",65,62,74,71,"Very High","Very High","Very High","Very High",87,89,88,91,"High","Very High","Very High","Very High",78,82,83,87,5
"12",12,"22071000611",22071000611,"LOUISIANA","Orleans",0.890137293747662,6,7,7,7,22071000611,22,"LOUISIANA","LA",22071,"Orleans",22071000611,"Census Tract 6.11, Orleans Parish, Louisiana",0.9403,0.9403,2015,22071,22,"LA",1306,-0.00603,-0.04321,-0.25317,-0.03477,"Moderate","Very Low","Very Low","Very Low",51,9,10,13,"High","Very Low","Low","Low",66,17,21,23,"Moderate","Very Low","Very Low","Low",50,19,20,21,2
"13",13,"22071000612",22071000612,"LOUISIANA","Orleans",0.0948310497222261,1,1,1,1,22071000612,22,"LOUISIANA","LA",22071,"Orleans",22071000612,"Census Tract 6.12, Orleans Parish, Louisiana",0.0641,0.0641,2015,22071,22,"LA",438,0.046889,0.007492,0.190132,0.028163,"High","Low","Very High","High",76,37,84,78,"Very High","Moderate","Very High","Very High",95,60,96,94,"Very High","Moderate","Very High","Very High",88,55,94,91,5
"14",14,"22071000613",22071000613,"LOUISIANA","Orleans",0.840082570205456,4,5,6,5,22071000613,22,"LOUISIANA","LA",22071,"Orleans",22071000613,"Census Tract 6.13, Orleans Parish, Louisiana",0.9884,0.9884,2015,22071,22,"LA",1637,0.000726,-0.00833,-0.36422,-0.04328,"Moderate","Low","Very Low","Very Low",55,25,5,9,"High","Moderate","Very Low","Very Low",73,41,9,16,"Moderate","Low","Very Low","Very Low",59,39,8,13,1
"15",15,"22071000615",22071000615,"LOUISIANA","Orleans",0.595502971696153,5,5.5,5.5,5.5,22071000615,22,"LOUISIANA","LA",22071,"Orleans",22071000615,"Census Tract 6.15, Orleans Parish, Louisiana",0.612,0.612,2015,22071,22,"LA",1248,0.013539,0.008211,-0.14885,-0.01499,"High","Low","Low","Low",62,38,21,28,"Very High","High","Low","Moderate",82,61,34,44,"High","Moderate","Low","Low",73,58,33,40,3
"16",16,"22071000616",22071000616,"LOUISIANA","Orleans",0.923996619609038,3.5,4.33333333333333,4,4.33333333333333,22071000616,22,"LOUISIANA","LA",22071,"Orleans",22071000616,"Census Tract 6.16, Orleans Parish, Louisiana",0.8673,0.8673,2015,22071,22,"LA",1250,0.016579,-0.04397,0.006489,-0.00206,"High","Very Low","Moderate","Moderate",63,9,46,42,"Very High","Very Low","High","High",84,17,64,62,"High","Very Low","Moderate","Moderate",75,18,58,55,4
"17",17,"22071000617",22071000617,"LOUISIANA","Orleans",0.880093099292057,4,4.5,4.5,4.5,22071000617,22,"LOUISIANA","LA",22071,"Orleans",22071000617,"Census Tract 6.17, Orleans Parish, Louisiana",0.8449,0.8449,2015,22071,22,"LA",1346,0.023177,-0.0272,-0.21595,-0.0255,"High","Very Low","Very Low","Very Low",66,15,13,19,"Very High","Low","Low","Low",88,25,25,31,"High","Low","Low","Low",80,27,24,29,2
"18",18,"22071000618",22071000618,"LOUISIANA","Orleans",0.648785691525471,1,1.5,1.5,1.5,22071000618,22,"LOUISIANA","LA",22071,"Orleans",22071000618,"Census Tract 6.18, Orleans Parish, Louisiana",0.4129,0.4129,2015,22071,22,"LA",1129,0.042456,-0.00172,0.132975,0.02003,"High","Low","High","High",74,30,72,69,"Very High","Moderate","Very High","Very High",95,49,86,88,"Very High","Moderate","Very High","Very High",88,47,81,84,5
"19",19,"22071000701",22071000701,"LOUISIANA","Orleans",0.762513680885552,5.5,7,6,7,22071000701,22,"LOUISIANA","LA",22071,"Orleans",22071000701,"Census Tract 7.01, Orleans Parish, Louisiana",0.9117,0.9117,2015,22071,22,"LA",156,-0.04572,-0.09146,-0.47074,-0.06965,"Low","Very Low","Very Low","Very Low",27,2,2,2,"Low","Very Low","Very Low","Very Low",32,4,3,3,"Very Low","Very Low","Very Low","Very Low",12,4,3,2,1
"20",20,"22071000702",22071000702,"LOUISIANA","Orleans",0.719441404247655,3.5,4.33333333333333,5,4.33333333333333,22071000702,22,"LOUISIANA","LA",22071,"Orleans",22071000702,"Census Tract 7.02, Orleans Parish, Louisiana",0.7961,0.7961,2015,22071,22,"LA",464,-0.0114,-0.09518,-0.16567,-0.03067,"Moderate","Very Low","Very Low","Very Low",48,2,19,16,"High","Very Low","Low","Low",62,3,32,26,"Moderate","Very Low","Low","Low",45,3,30,24,2
"21",21,"22071000800",22071000800,"LOUISIANA","Orleans",0.815117551710284,3.5,4,4,4,22071000800,22,"LOUISIANA","LA",22071,"Orleans",22071000800,"Census Tract 8, Orleans Parish, Louisiana",0.7678,0.7678,2015,22071,22,"LA",345,-0.02585,-0.10306,-0.44226,-0.06536,"Low","Very Low","Very Low","Very Low",39,2,3,3,"Moderate","Very Low","Very Low","Very Low",47,2,3,4,"Low","Very Low","Very Low","Very Low",31,2,3,3,1
"22",22,"22071000901",22071000901,"LOUISIANA","Orleans",0.528657125836439,5,5.25,5,5.25,22071000901,22,"LOUISIANA","LA",22071,"Orleans",22071000901,"Census Tract 9.01, Orleans Parish, Louisiana",0.539,0.539,2015,22071,22,"LA",254,-0.02917,-0.12592,-0.21983,-0.04221,"Low","Very Low","Very Low","Very Low",37,1,13,9,"Moderate","Very Low","Low","Very Low",45,1,24,16,"Low","Very Low","Low","Very Low",28,1,23,14,1
"23",23,"22071000902",22071000902,"LOUISIANA","Orleans",0.606018204236572,4.5,6,6,6,22071000902,22,"LOUISIANA","LA",22071,"Orleans",22071000902,"Census Tract 9.02, Orleans Parish, Louisiana",0.7641,0.7641,2015,22071,22,"LA",178,-0.01945,-0.01358,-0.25592,-0.03344,"Moderate","Low","Very Low","Very Low",43,22,10,14,"Moderate","Low","Very Low","Low",54,36,20,24,"Low","Low","Very Low","Low",37,35,20,22,2
"24",24,"22071000903",22071000903,"LOUISIANA","Orleans",0.667156176833239,6,7,7,7,22071000903,22,"LOUISIANA","LA",22071,"Orleans",22071000903,"Census Tract 9.03, Orleans Parish, Louisiana",0.8024,0.8024,2015,22071,22,"LA",123,-0.02877,-0.11058,-0.39453,-0.06091,"Low","Very Low","Very Low","Very Low",37,1,4,4,"Moderate","Very Low","Very Low","Very Low",45,2,6,5,"Low","Very Low","Very Low","Very Low",28,1,6,3,1
"25",25,"22071000904",22071000904,"LOUISIANA","Orleans",0.830841911306299,6,7,7,7,22071000904,22,"LOUISIANA","LA",22071,"Orleans",22071000904,"Census Tract 9.04, Orleans Parish, Louisiana",0.877,0.877,2015,22071,22,"LA",193,-0.02181,-0.10804,-0.46977,-0.06865,"Moderate","Very Low","Very Low","Very Low",42,1,2,3,"Moderate","Very Low","Very Low","Very Low",52,2,3,3,"Low","Very Low","Very Low","Very Low",35,2,3,2,1
"26",26,"22071001100",22071001100,"LOUISIANA","Orleans",0.544603150413544,2,2,2,2,22071001100,22,"LOUISIANA","LA",22071,"Orleans",22071001100,"Census Tract 11, Orleans Parish, Louisiana",0.4762,0.4762,2015,22071,22,"LA",247,-0.01266,-0.06789,-0.18052,-0.02965,"Moderate","Very Low","Very Low","Very Low",47,4,17,16,"High","Very Low","Low","Low",61,9,30,27,"Moderate","Very Low","Low","Low",45,10,29,25,2
"27",27,"22071001200",22071001200,"LOUISIANA","Orleans",0.432967124312492,1,1,1,1,22071001200,22,"LOUISIANA","LA",22071,"Orleans",22071001200,"Census Tract 12, Orleans Parish, Louisiana",0.2184,0.2184,2015,22071,22,"LA",94,0.00422,-0.01455,0.168926,0.018628,"Moderate","Low","High","High",57,21,80,67,"High","Low","Very High","Very High",76,35,93,86,"High","Low","Very High","High",62,34,91,80,5
"28",28,"22071001301",22071001301,"LOUISIANA","Orleans",0.917748437954586,3,4,4,4,22071001301,22,"LOUISIANA","LA",22071,"Orleans",22071001301,"Census Tract 13.01, Orleans Parish, Louisiana",0.9396,0.9396,2015,22071,22,"LA",275,-0.03765,-0.06028,-0.3354,-0.04967,"Low","Very Low","Very Low","Very Low",32,5,6,7,"Low","Very Low","Very Low","Very Low",38,11,12,12,"Very Low","Very Low","Very Low","Very Low",19,13,12,9,1
"29",29,"22071001302",22071001302,"LOUISIANA","Orleans",0.723375957661989,6,6,6,6,22071001302,22,"LOUISIANA","LA",22071,"Orleans",22071001302,"Census Tract 13.02, Orleans Parish, Louisiana",0.6702,0.6702,2015,22071,22,"LA",138,-0.04939,-0.06778,-0.47348,-0.06787,"Low","Very Low","Very Low","Very Low",25,4,2,3,"Low","Very Low","Very Low","Very Low",29,9,3,3,"Very Low","Very Low","Very Low","Very Low",10,10,3,2,1
"30",30,"22071001401",22071001401,"LOUISIANA","Orleans",0.727365927321594,7.5,8.83333333333333,9,8.83333333333333,22071001401,22,"LOUISIANA","LA",22071,"Orleans",22071001401,"Census Tract 14.01, Orleans Parish, Louisiana",0.7569,0.7569,2015,22071,22,"LA",334,-0.03568,-0.12819,-0.47074,-0.07243,"Low","Very Low","Very Low","Very Low",33,1,2,2,"Low","Very Low","Very Low","Very Low",40,1,3,3,"Low","Very Low","Very Low","Very Low",21,1,3,2,1
"31",31,"22071001402",22071001402,"LOUISIANA","Orleans",0.770535182388717,7,7.5,8,7.5,22071001402,22,"LOUISIANA","LA",22071,"Orleans",22071001402,"Census Tract 14.02, Orleans Parish, Louisiana",0.6945,0.6945,2015,22071,22,"LA",505,-0.01553,-0.06216,-0.21983,-0.03394,"Moderate","Very Low","Very Low","Very Low",46,5,13,14,"Moderate","Very Low","Low","Low",58,10,24,24,"Moderate","Very Low","Low","Low",42,12,23,22,2
"32",32,"22071001500",22071001500,"LOUISIANA","Orleans",0.757443094443136,6,7,7,7,22071001500,22,"LOUISIANA","LA",22071,"Orleans",22071001500,"Census Tract 15, Orleans Parish, Louisiana",0.8823,0.8823,2015,22071,22,"LA",169,-0.04153,-0.04711,-0.53844,-0.07239,"Low","Very Low","Very Low","Very Low",30,8,1,2,"Low","Very Low","Very Low","Very Low",35,15,1,3,"Very Low","Very Low","Very Low","Very Low",16,16,2,2,1
"33",33,"22071001701",22071001701,"LOUISIANA","Orleans",0.69788448483673,5,5.66666666666667,6,5.66666666666667,22071001701,22,"LOUISIANA","LA",22071,"Orleans",22071001701,"Census Tract 17.01, Orleans Parish, Louisiana",0.8922,0.8922,2015,22071,22,"LA",581,0.013885,-0.01113,-0.32517,-0.03757,"High","Low","Very Low","Very Low",62,24,6,12,"Very High","Low","Very Low","Low",82,38,12,21,"High","Low","Very Low","Very Low",74,36,12,19,2
"34",34,"22071001702",22071001702,"LOUISIANA","Orleans",0.784638616810518,6.5,6.66666666666667,7,6.66666666666667,22071001702,22,"LOUISIANA","LA",22071,"Orleans",22071001702,"Census Tract 17.02, Orleans Parish, Louisiana",0.8634,0.8634,2015,22071,22,"LA",773,0.001182,0.010975,-0.14488,-0.0156,"Moderate","Low","Low","Low",55,40,21,28,"High","High","Low","Moderate",74,65,35,43,"Moderate","High","Low","Low",59,62,34,40,3
"35",35,"22071001720",22071001720,"LOUISIANA","Orleans",0.633296850971862,6.5,6.75,7,6.75,22071001720,22,"LOUISIANA","LA",22071,"Orleans",22071001720,"Census Tract 17.20, Orleans Parish, Louisiana",0.8214,0.8214,2015,22071,22,"LA",799,-0.01902,-0.06427,-0.42928,-0.05898,"Moderate","Very Low","Very Low","Very Low",44,5,3,4,"Moderate","Very Low","Very Low","Very Low",55,9,4,6,"Low","Very Low","Very Low","Very Low",38,11,4,4,1
"36",36,"22071001722",22071001722,"LOUISIANA","Orleans",0.846178357185409,6.5,6.85714285714286,7,6.85714285714286,22071001722,22,"LOUISIANA","LA",22071,"Orleans",22071001722,"Census Tract 17.22, Orleans Parish, Louisiana",0.95,0.95,2015,22071,22,"LA",1003,0.005188,-0.09814,-0.33822,-0.04927,"Moderate","Very Low","Very Low","Very Low",57,2,6,7,"High","Very Low","Very Low","Very Low",76,3,12,12,"High","Very Low","Very Low","Very Low",63,3,12,9,1
"37",37,"22071001723",22071001723,"LOUISIANA","Orleans",0.718069852177166,5,5.25,5.5,5.25,22071001723,22,"LOUISIANA","LA",22071,"Orleans",22071001723,"Census Tract 17.23, Orleans Parish, Louisiana",0.6772,0.6772,2015,22071,22,"LA",968,0.01063,-5.8e-05,-0.22214,-0.02474,"Moderate","Low","Very Low","Very Low",60,31,13,20,"High","Moderate","Low","Low",80,50,24,33,"High","Moderate","Low","Low",69,48,23,30,2
"38",38,"22071001724",22071001724,"LOUISIANA","Orleans",0.80744240174007,4,4.75,5,4.75,22071001724,22,"LOUISIANA","LA",22071,"Orleans",22071001724,"Census Tract 17.24, Orleans Parish, Louisiana",0.938,0.938,2015,22071,22,"LA",1290,0.016649,-0.0702,-0.30873,-0.0416,"High","Very Low","Very Low","Very Low",63,4,7,10,"Very High","Very Low","Very Low","Very Low",84,8,14,17,"High","Very Low","Very Low","Very Low",76,10,14,14,1
"39",39,"22071001725",22071001725,"LOUISIANA","Orleans",0.823485404746401,5,5.5,6,5.5,22071001725,22,"LOUISIANA","LA",22071,"Orleans",22071001725,"Census Tract 17.25, Orleans Parish, Louisiana",0.8718,0.8718,2015,22071,22,"LA",1844,0.010905,-0.04966,-0.25805,-0.03415,"Moderate","Very Low","Very Low","Very Low",60,7,10,13,"High","Very Low","Very Low","Low",80,14,20,24,"High","Very Low","Very Low","Low",69,15,19,22,2
"40",40,"22071001730",22071001730,"LOUISIANA","Orleans",0.492137820201992,5,5,5,5,22071001730,22,"LOUISIANA","LA",22071,"Orleans",22071001730,"Census Tract 17.30, Orleans Parish, Louisiana",0.6625,0.6625,2015,22071,22,"LA",248,-0.02548,0.023117,-0.10002,-0.01204,"Low","Moderate","Low","Low",39,52,27,31,"Moderate","High","Moderate","Moderate",48,79,42,48,"Low","High","Low","Moderate",32,72,40,44,3
"41",41,"22071001734",22071001734,"LOUISIANA","Orleans",0.0774442027680415,2,2,2,2,22071001734,22,"LOUISIANA","LA",22071,"Orleans",22071001734,"Census Tract 17.34, Orleans Parish, Louisiana",0.2162,0.2162,2015,22071,22,"LA",144,-0.03277,0.020494,0.131855,0.013919,"Low","Moderate","High","High",35,50,72,62,"Moderate","High","Very High","Very High",41,76,86,82,"Low","High","Very High","High",24,69,81,75,5
"42",42,"22071001735",22071001735,"LOUISIANA","Orleans",0.710630221249359,6,6.5,6.5,6.5,22071001735,22,"LOUISIANA","LA",22071,"Orleans",22071001735,"Census Tract 17.35, Orleans Parish, Louisiana",0.8014,0.8014,2015,22071,22,"LA",479,-0.00587,-0.09853,-0.36103,-0.05319,"Moderate","Very Low","Very Low","Very Low",51,2,5,6,"High","Very Low","Very Low","Very Low",66,3,9,9,"Moderate","Very Low","Very Low","Very Low",50,3,8,6,1
"43",43,"22071001736",22071001736,"LOUISIANA","Orleans",0.632008423269281,7,7,7,7,22071001736,22,"LOUISIANA","LA",22071,"Orleans",22071001736,"Census Tract 17.36, Orleans Parish, Louisiana",0.8536,0.8536,2015,22071,22,"LA",483,0.000323,-0.0583,-0.35018,-0.04698,"Moderate","Very Low","Very Low","Very Low",55,6,5,8,"High","Very Low","Very Low","Very Low",73,12,10,14,"Moderate","Very Low","Very Low","Very Low",59,14,11,11,1
"44",44,"22071001737",22071001737,"LOUISIANA","Orleans",0.710976572782311,6.5,6.66666666666667,7,6.66666666666667,22071001737,22,"LOUISIANA","LA",22071,"Orleans",22071001737,"Census Tract 17.37, Orleans Parish, Louisiana",0.7682,0.7682,2015,22071,22,"LA",884,0.015873,-0.02873,-0.38386,-0.04605,"High","Very Low","Very Low","Very Low",63,14,4,8,"Very High","Low","Very Low","Very Low",83,24,7,15,"High","Low","Very Low","Very Low",75,25,6,11,1
"45",45,"22071001739",22071001739,"LOUISIANA","Orleans",0.56708829193278,3,3.5,3.5,3.5,22071001739,22,"LOUISIANA","LA",22071,"Orleans",22071001739,"Census Tract 17.39, Orleans Parish, Louisiana",0.6179,0.6179,2015,22071,22,"LA",510,0.028843,0.004149,-0.14994,-0.01385,"High","Low","Low","Low",69,35,21,30,"Very High","Moderate","Low","Moderate",90,56,34,45,"Very High","Moderate","Low","Moderate",83,52,32,41,3
"46",46,"22071001740",22071001740,"LOUISIANA","Orleans",0.620315595516826,4,4.66666666666667,5,4.66666666666667,22071001740,22,"LOUISIANA","LA",22071,"Orleans",22071001740,"Census Tract 17.40, Orleans Parish, Louisiana",0.7508,0.7508,2015,22071,22,"LA",1406,0.026022,-0.0152,-0.25791,-0.02881,"High","Low","Very Low","Very Low",68,21,10,17,"Very High","Low","Very Low","Low",89,34,20,28,"Very High","Low","Very Low","Low",82,33,20,25,2
"47",47,"22071001741",22071001741,"LOUISIANA","Orleans",0.672670093237833,6,6,6,6,22071001741,22,"LOUISIANA","LA",22071,"Orleans",22071001741,"Census Tract 17.41, Orleans Parish, Louisiana",0.7527,0.7527,2015,22071,22,"LA",305,-0.02834,0.010766,-0.13822,-0.01812,"Low","Low","Low","Low",38,40,22,26,"Moderate","High","Low","Low",45,64,36,39,"Low","High","Low","Low",29,61,35,36,2
"48",48,"22071001743",22071001743,"LOUISIANA","Orleans",0.771130907025394,3,3,3,3,22071001743,22,"LOUISIANA","LA",22071,"Orleans",22071001743,"Census Tract 17.43, Orleans Parish, Louisiana",0.8434,0.8434,2015,22071,22,"LA",778,0.012266,-0.10663,-0.22973,-0.03673,"High","Very Low","Very Low","Very Low",61,1,12,12,"Very High","Very Low","Low","Low",81,2,24,22,"High","Very Low","Low","Very Low",71,2,22,20,2
"49",49,"22071001744",22071001744,"LOUISIANA","Orleans",0.766462088361203,5,6.33333333333333,5,6.33333333333333,22071001744,22,"LOUISIANA","LA",22071,"Orleans",22071001744,"Census Tract 17.44, Orleans Parish, Louisiana",0.846,0.846,2015,22071,22,"LA",1672,0.009285,-0.07794,-0.37864,-0.05139,"Moderate","Very Low","Very Low","Very Low",59,3,4,6,"High","Very Low","Very Low","Very Low",79,6,7,10,"High","Very Low","Very Low","Very Low",67,7,6,8,1
"50",50,"22071001745",22071001745,"LOUISIANA","Orleans",0.73682825120184,4,5,5,5,22071001745,22,"LOUISIANA","LA",22071,"Orleans",22071001745,"Census Tract 17.45, Orleans Parish, Louisiana",0.8136,0.8136,2015,22071,22,"LA",916,0.011941,-0.04434,-0.31755,-0.04041,"High","Very Low","Very Low","Very Low",61,9,7,10,"Very High","Very Low","Very Low","Very Low",81,16,13,19,"High","Very Low","Very Low","Very Low",71,18,13,16,1
"51",51,"22071001746",22071001746,"LOUISIANA","Orleans",0.93780911874316,6,7,6,7,22071001746,22,"LOUISIANA","LA",22071,"Orleans",22071001746,"Census Tract 17.46, Orleans Parish, Louisiana",0.8308,0.8308,2015,22071,22,"LA",1112,-0.00036,-0.04316,-0.40223,-0.05152,"Moderate","Very Low","Very Low","Very Low",54,9,4,6,"High","Very Low","Very Low","Very Low",73,17,6,10,"Moderate","Very Low","Very Low","Very Low",58,19,5,7,1
"52",52,"22071001747",22071001747,"LOUISIANA","Orleans",0.274019478810213,1,1.5,1.5,1.5,22071001747,22,"LOUISIANA","LA",22071,"Orleans",22071001747,"Census Tract 17.47, Orleans Parish, Louisiana",0.0894,0.0894,2015,22071,22,"LA",852,0.028952,0.039327,0.128512,0.022361,"High","High","High","High",69,70,71,71,"Very High","Very High","Very High","Very High",90,94,86,91,"Very High","Very High","Very High","Very High",84,90,81,87,5
"53",53,"22071001748",22071001748,"LOUISIANA","Orleans",0.639558886687632,5,5.25,5,5.25,22071001748,22,"LOUISIANA","LA",22071,"Orleans",22071001748,"Census Tract 17.48, Orleans Parish, Louisiana",0.6645,0.6645,2015,22071,22,"LA",1339,0.008068,-0.01763,-0.10611,-0.01335,"Moderate","Very Low","Low","Low",59,20,26,30,"High","Low","Moderate","Moderate",78,32,42,45,"High","Low","Low","Moderate",65,31,39,42,3
"54",54,"22071001749",22071001749,"LOUISIANA","Orleans",0.806749698674166,5,6,6,6,22071001749,22,"LOUISIANA","LA",22071,"Orleans",22071001749,"Census Tract 17.49, Orleans Parish, Louisiana",0.8669,0.8669,2015,22071,22,"LA",1064,-0.03095,-0.00262,-0.23006,-0.03054,"Low","Low","Very Low","Very Low",36,29,12,16,"Moderate","Moderate","Low","Low",43,48,24,26,"Low","Moderate","Low","Low",25,46,21,24,2
"55",55,"22071001750",22071001750,"LOUISIANA","Orleans",0.833709701999141,7.5,7.66666666666667,8,7.66666666666667,22071001750,22,"LOUISIANA","LA",22071,"Orleans",22071001750,"Census Tract 17.50, Orleans Parish, Louisiana",0.9411,0.9411,2015,22071,22,"LA",1182,-0.03863,-0.02122,-0.31702,-0.0435,"Low","Very Low","Very Low","Very Low",31,18,7,9,"Low","Low","Very Low","Very Low",37,30,13,16,"Very Low","Low","Very Low","Very Low",19,30,14,13,1
"56",56,"22071001751",22071001751,"LOUISIANA","Orleans",0.935232263337998,10,10,10,10,22071001751,22,"LOUISIANA","LA",22071,"Orleans",22071001751,"Census Tract 17.51, Orleans Parish, Louisiana",0.9954,0.9954,2015,22071,22,"LA",132,0.005478,-0.16098,-0.57532,-0.08354,"Moderate","Very Low","Very Low","Very Low",57,1,1,1,"High","Very Low","Very Low","Very Low",77,1,1,1,"High","Very Low","Very Low","Very Low",63,1,1,1,1
"57",57,"22071001800",22071001800,"LOUISIANA","Orleans",0.533810836646763,1,1,1,1,22071001800,22,"LOUISIANA","LA",22071,"Orleans",22071001800,"Census Tract 18, Orleans Parish, Louisiana",0.3575,0.3575,2015,22071,22,"LA",90,-0.01171,-0.00349,0.23672,0.025941,"Moderate","Low","Very High","High",48,29,92,75,"High","Moderate","Very High","Very High",62,47,99,93,"Moderate","Moderate","Very High","Very High",45,44,97,90,5
"58",58,"22071001900",22071001900,"LOUISIANA","Orleans",0.829719732339535,4.5,5,5,5,22071001900,22,"LOUISIANA","LA",22071,"Orleans",22071001900,"Census Tract 19, Orleans Parish, Louisiana",0.7859,0.7859,2015,22071,22,"LA",111,-0.05207,-0.09642,-0.39926,-0.06255,"Low","Very Low","Very Low","Very Low",24,2,4,4,"Low","Very Low","Very Low","Very Low",27,3,6,5,"Very Low","Very Low","Very Low","Very Low",8,3,6,3,1
"59",59,"22071002000",22071002000,"LOUISIANA","Orleans",0.76554772031421,4,4.66666666666667,5,4.66666666666667,22071002000,22,"LOUISIANA","LA",22071,"Orleans",22071002000,"Census Tract 20, Orleans Parish, Louisiana",0.7071,0.7071,2015,22071,22,"LA",172,-0.01585,-0.08194,-0.35387,-0.05171,"Moderate","Very Low","Very Low","Very Low",45,3,5,6,"Moderate","Very Low","Very Low","Very Low",57,5,10,10,"Moderate","Very Low","Very Low","Very Low",41,6,9,7,1
"60",60,"22071002100",22071002100,"LOUISIANA","Orleans",0.854407669608346,6,6,6,6,22071002100,22,"LOUISIANA","LA",22071,"Orleans",22071002100,"Census Tract 21, Orleans Parish, Louisiana",0.8629,0.8629,2015,22071,22,"LA",315,-0.05406,-0.04989,-0.35566,-0.05275,"Low","Very Low","Very Low","Very Low",23,7,5,6,"Low","Very Low","Very Low","Very Low",24,14,10,10,"Very Low","Very Low","Very Low","Very Low",7,15,9,7,1
"61",61,"22071002200",22071002200,"LOUISIANA","Orleans",0.76987018744545,8,8.33333333333333,8,8.33333333333333,22071002200,22,"LOUISIANA","LA",22071,"Orleans",22071002200,"Census Tract 22, Orleans Parish, Louisiana",0.7363,0.7363,2015,22071,22,"LA",502,-0.04696,-0.05244,-0.54453,-0.07427,"Low","Very Low","Very Low","Very Low",26,7,1,2,"Low","Very Low","Very Low","Very Low",31,13,1,2,"Very Low","Very Low","Very Low","Very Low",11,14,1,1,1
"62",62,"22071002300",22071002300,"LOUISIANA","Orleans",0.870173591388316,6.5,6.8,7,6.8,22071002300,22,"LOUISIANA","LA",22071,"Orleans",22071002300,"Census Tract 23, Orleans Parish, Louisiana",0.9711,0.9711,2015,22071,22,"LA",471,-0.03272,-0.09697,-0.35302,-0.05507,"Low","Very Low","Very Low","Very Low",35,2,5,5,"Moderate","Very Low","Very Low","Very Low",41,3,10,8,"Low","Very Low","Very Low","Very Low",24,3,9,6,1
"63",63,"22071002401",22071002401,"LOUISIANA","Orleans",0.558775855141935,5,5,5,5,22071002401,22,"LOUISIANA","LA",22071,"Orleans",22071002401,"Census Tract 24.01, Orleans Parish, Louisiana",0.4454,0.4454,2015,22071,22,"LA",484,-0.0113,-0.0341,-0.19847,-0.02801,"Moderate","Very Low","Very Low","Very Low",48,12,15,17,"High","Low","Low","Low",62,22,27,29,"Moderate","Low","Low","Low",46,23,27,26,2
"64",64,"22071002402",22071002402,"LOUISIANA","Orleans",0.749809506656877,5.5,6,6,6,22071002402,22,"LOUISIANA","LA",22071,"Orleans",22071002402,"Census Tract 24.02, Orleans Parish, Louisiana",0.7114,0.7114,2015,22071,22,"LA",672,0.006951,-0.0779,-0.37157,-0.05082,"Moderate","Very Low","Very Low","Very Low",58,3,5,6,"High","Very Low","Very Low","Very Low",77,7,8,11,"High","Very Low","Very Low","Very Low",65,7,7,9,1
"65",65,"22071002501",22071002501,"LOUISIANA","Orleans",0.661725384796553,3,4,4,4,22071002501,22,"LOUISIANA","LA",22071,"Orleans",22071002501,"Census Tract 25.01, Orleans Parish, Louisiana",0.6509,0.6509,2015,22071,22,"LA",547,0.022811,0.011226,-0.19875,-0.01946,"High","Moderate","Very Low","Low",66,41,15,24,"Very High","High","Low","Low",88,65,27,38,"High","High","Low","Low",79,63,27,35,2
"66",66,"22071002502",22071002502,"LOUISIANA","Orleans",0.55931616353334,4,4.75,4.5,4.75,22071002502,22,"LOUISIANA","LA",22071,"Orleans",22071002502,"Census Tract 25.02, Orleans Parish, Louisiana",0.5578,0.5578,2015,22071,22,"LA",519,0.00587,-0.00325,-0.18345,-0.02109,"Moderate","Low","Very Low","Low",58,29,17,23,"High","Moderate","Low","Low",77,47,30,36,"High","Moderate","Low","Low",64,45,29,33,2
"67",67,"22071002503",22071002503,"LOUISIANA","Orleans",0.555076820770009,2,2,2,2,22071002503,22,"LOUISIANA","LA",22071,"Orleans",22071002503,"Census Tract 25.03, Orleans Parish, Louisiana",0.4006,0.4006,2015,22071,22,"LA",532,0.029292,0.011309,0.020752,0.006863,"High","Moderate","Moderate","Moderate",69,41,49,53,"Very High","High","High","High",90,65,67,74,"Very High","High","Moderate","High",84,63,60,66,4
"68",68,"22071002504",22071002504,"LOUISIANA","Orleans",0.603205829789003,2,2.75,2.5,2.75,22071002504,22,"LOUISIANA","LA",22071,"Orleans",22071002504,"Census Tract 25.04, Orleans Parish, Louisiana",0.3546,0.3546,2015,22071,22,"LA",521,0.022294,-0.02571,-0.12504,-0.01484,"High","Very Low","Low","Low",66,15,24,29,"Very High","Low","Low","Moderate",88,26,39,44,"High","Low","Low","Moderate",79,27,36,41,3
"69",69,"22071002600",22071002600,"LOUISIANA","Orleans",0.351754616865934,1,1,1,1,22071002600,22,"LOUISIANA","LA",22071,"Orleans",22071002600,"Census Tract 26, Orleans Parish, Louisiana",0.1334,0.1334,2015,22071,22,"LA",73,0.012115,0.015375,0.239726,0.03093,"High","Moderate","Very High","High",61,45,92,80,"Very High","High","Very High","Very High",81,69,99,95,"High","High","Very High","Very High",71,66,98,92,5
"70",70,"22071002700",22071002700,"LOUISIANA","Orleans",0.777309818373256,3.5,5.33333333333333,4,5.33333333333333,22071002700,22,"LOUISIANA","LA",22071,"Orleans",22071002700,"Census Tract 27, Orleans Parish, Louisiana",0.6967,0.6967,2015,22071,22,"LA",231,-0.03805,-0.09487,-0.40573,-0.06158,"Low","Very Low","Very Low","Very Low",32,2,4,4,"Low","Very Low","Very Low","Very Low",38,3,6,5,"Very Low","Very Low","Very Low","Very Low",19,3,5,3,1
"71",71,"22071002800",22071002800,"LOUISIANA","Orleans",0.831312949391114,6.5,7.33333333333333,7,7.33333333333333,22071002800,22,"LOUISIANA","LA",22071,"Orleans",22071002800,"Census Tract 28, Orleans Parish, Louisiana",0.8516,0.8516,2015,22071,22,"LA",360,-0.02517,-0.06199,-0.50987,-0.06882,"Low","Very Low","Very Low","Very Low",40,5,2,3,"Moderate","Very Low","Very Low","Very Low",48,10,2,3,"Low","Very Low","Very Low","Very Low",32,13,2,2,1
"72",72,"22071002900",22071002900,"LOUISIANA","Orleans",0.736869813385794,6.5,7.33333333333333,7,7.33333333333333,22071002900,22,"LOUISIANA","LA",22071,"Orleans",22071002900,"Census Tract 29, Orleans Parish, Louisiana",0.7144,0.7144,2015,22071,22,"LA",258,-0.01473,-0.07201,-0.34126,-0.04906,"Moderate","Very Low","Very Low","Very Low",46,4,6,7,"Moderate","Very Low","Very Low","Very Low",59,8,11,12,"Moderate","Very Low","Very Low","Very Low",43,9,12,10,1
"73",73,"22071003000",22071003000,"LOUISIANA","Orleans",0.798645072803092,6,7,7,7,22071003000,22,"LOUISIANA","LA",22071,"Orleans",22071003000,"Census Tract 30, Orleans Parish, Louisiana",0.7604,0.7604,2015,22071,22,"LA",192,-0.02574,-0.15211,-0.4901,-0.07612,"Low","Very Low","Very Low","Very Low",39,1,2,2,"Moderate","Very Low","Very Low","Very Low",48,1,3,2,"Low","Very Low","Very Low","Very Low",32,1,2,1,1
"74",74,"22071003100",22071003100,"LOUISIANA","Orleans",0.736786689017886,7,7.5,7.5,7.5,22071003100,22,"LOUISIANA","LA",22071,"Orleans",22071003100,"Census Tract 31, Orleans Parish, Louisiana",0.6585,0.6585,2015,22071,22,"LA",264,-0.03197,-0.06903,-0.36302,-0.05319,"Low","Very Low","Very Low","Very Low",35,4,5,6,"Moderate","Very Low","Very Low","Very Low",42,8,9,9,"Low","Very Low","Very Low","Very Low",24,10,8,7,1
"75",75,"22071003301",22071003301,"LOUISIANA","Orleans",0.405646915393248,1,1.33333333333333,1,1.33333333333333,22071003301,22,"LOUISIANA","LA",22071,"Orleans",22071003301,"Census Tract 33.01, Orleans Parish, Louisiana",0.3579,0.3579,2015,22071,22,"LA",403,0.036773,-0.00464,0.083766,0.013352,"High","Low","High","High",72,28,62,61,"Very High","Moderate","High","Very High",93,45,80,81,"Very High","Moderate","High","High",86,42,74,74,5
"76",76,"22071003302",22071003302,"LOUISIANA","Orleans",0.516133054404899,1.5,2.5,2,2.5,22071003302,22,"LOUISIANA","LA",22071,"Orleans",22071003302,"Census Tract 33.02, Orleans Parish, Louisiana",0.4379,0.4379,2015,22071,22,"LA",802,0.033754,-0.00262,0.030216,0.006986,"High","Low","Moderate","Moderate",71,29,51,53,"Very High","Moderate","High","High",91,48,69,74,"Very High","Moderate","High","High",86,45,62,66,4
"77",77,"22071003303",22071003303,"LOUISIANA","Orleans",0.512849641872515,4.5,4.66666666666667,5,4.66666666666667,22071003303,22,"LOUISIANA","LA",22071,"Orleans",22071003303,"Census Tract 33.03, Orleans Parish, Louisiana",0.4776,0.4776,2015,22071,22,"LA",615,0.029251,-0.02374,-0.3432,-0.0393,"High","Very Low","Very Low","Very Low",69,16,6,11,"Very High","Low","Very Low","Very Low",90,27,11,20,"Very High","Low","Very Low","Very Low",84,28,11,18,1
"78",78,"22071003304",22071003304,"LOUISIANA","Orleans",0.715922472672864,5,5,5,5,22071003304,22,"LOUISIANA","LA",22071,"Orleans",22071003304,"Census Tract 33.04, Orleans Parish, Louisiana",0.6894,0.6894,2015,22071,22,"LA",800,0.018833,0.001262,-0.30218,-0.03302,"High","Low","Very Low","Very Low",64,32,8,14,"Very High","Moderate","Very Low","Low",86,51,15,25,"High","Moderate","Very Low","Low",78,49,14,22,2
"79",79,"22071003307",22071003307,"LOUISIANA","Orleans",0.590654050234826,5,6.5,6.5,6.5,22071003307,22,"LOUISIANA","LA",22071,"Orleans",22071003307,"Census Tract 33.07, Orleans Parish, Louisiana",0.6613,0.6613,2015,22071,22,"LA",265,-0.01993,-0.00562,-0.35472,-0.04417,"Moderate","Low","Very Low","Very Low",43,27,5,9,"Moderate","Moderate","Very Low","Very Low",54,45,10,16,"Low","Moderate","Very Low","Very Low",37,42,9,13,1
"80",80,"22071003308",22071003308,"LOUISIANA","Orleans",0.658899156287666,3.5,4,4,4,22071003308,22,"LOUISIANA","LA",22071,"Orleans",22071003308,"Census Tract 33.08, Orleans Parish, Louisiana",0.7649,0.7649,2015,22071,22,"LA",557,-0.01813,-0.07286,-0.36923,-0.05279,"Moderate","Very Low","Very Low","Very Low",44,4,5,6,"Moderate","Very Low","Very Low","Very Low",56,8,8,10,"Low","Very Low","Very Low","Very Low",39,8,7,7,1
"81",81,"22071003400",22071003400,"LOUISIANA","Orleans",0.776658677491307,2,3,3,3,22071003400,22,"LOUISIANA","LA",22071,"Orleans",22071003400,"Census Tract 34, Orleans Parish, Louisiana",0.5327,0.5327,2015,22071,22,"LA",194,-0.01543,-0.04596,-0.20919,-0.03097,"Moderate","Very Low","Very Low","Very Low",46,8,14,15,"Moderate","Very Low","Low","Low",58,15,25,26,"Moderate","Very Low","Low","Low",43,17,25,24,2
"82",82,"22071003500",22071003500,"LOUISIANA","Orleans",0.751596680566908,2.5,3,3,3,22071003500,22,"LOUISIANA","LA",22071,"Orleans",22071003500,"Census Tract 35, Orleans Parish, Louisiana",0.8028,0.8028,2015,22071,22,"LA",147,-0.03932,-0.03815,-0.37809,-0.05249,"Low","Very Low","Very Low","Very Low",31,11,4,6,"Low","Very Low","Very Low","Very Low",37,19,8,10,"Very Low","Low","Very Low","Very Low",18,22,7,7,1
"83",83,"22071003600",22071003600,"LOUISIANA","Orleans",0.711641567725579,2,3,2,3,22071003600,22,"LOUISIANA","LA",22071,"Orleans",22071003600,"Census Tract 36, Orleans Parish, Louisiana",0.7413,0.7413,2015,22071,22,"LA",328,-0.01836,-0.0603,-0.34364,-0.0485,"Moderate","Very Low","Very Low","Very Low",44,5,6,7,"Moderate","Very Low","Very Low","Very Low",56,11,11,13,"Low","Very Low","Very Low","Very Low",38,13,11,10,1
"84",84,"22071003701",22071003701,"LOUISIANA","Orleans",0.518238871725246,2,3,3,3,22071003701,22,"LOUISIANA","LA",22071,"Orleans",22071003701,"Census Tract 37.01, Orleans Parish, Louisiana",0.4149,0.4149,2015,22071,22,"LA",233,-0.00879,-0.03196,0.086156,0.005689,"Moderate","Very Low","High","Moderate",50,13,62,52,"High","Low","High","High",64,23,80,72,"Moderate","Low","High","High",47,24,75,64,4
"85",85,"22071003702",22071003702,"LOUISIANA","Orleans",0.754741552486111,3,3.5,3.5,3.5,22071003702,22,"LOUISIANA","LA",22071,"Orleans",22071003702,"Census Tract 37.02, Orleans Parish, Louisiana",0.6593,0.6593,2015,22071,22,"LA",447,-0.00623,-0.02899,-0.1968,-0.02671,"Moderate","Very Low","Very Low","Very Low",51,14,15,18,"High","Low","Low","Low",66,24,27,31,"Moderate","Low","Low","Low",50,25,27,28,2
"86",86,"22071003800",22071003800,"LOUISIANA","Orleans",0.304165916238345,1,1,1,1,22071003800,22,"LOUISIANA","LA",22071,"Orleans",22071003800,"Census Tract 38, Orleans Parish, Louisiana",0.1721,0.1721,2015,22071,22,"LA",33,-0.00016,-0.01318,0.217059,0.023902,"Moderate","Low","Very High","High",54,22,89,73,"High","Low","Very High","Very High",73,36,98,91,"Moderate","Low","Very High","Very High",59,35,96,88,5
"87",87,"22071003900",22071003900,"LOUISIANA","Orleans",0.745293082667184,1,1.5,1.5,1.5,22071003900,22,"LOUISIANA","LA",22071,"Orleans",22071003900,"Census Tract 39, Orleans Parish, Louisiana",0.5999,0.5999,2015,22071,22,"LA",75,0.000648,-0.09532,0.032795,-0.0062,"Moderate","Very Low","Moderate","Low",55,2,51,38,"High","Very Low","High","Moderate",73,3,70,56,"Moderate","Very Low","High","Moderate",59,3,64,50,3
"88",88,"22071004000",22071004000,"LOUISIANA","Orleans",0.817749823360718,2,2.5,2.5,2.5,22071004000,22,"LOUISIANA","LA",22071,"Orleans",22071004000,"Census Tract 40, Orleans Parish, Louisiana",0.7288,0.7288,2015,22071,22,"LA",321,-0.0195,-0.04584,-0.25787,-0.03709,"Moderate","Very Low","Very Low","Very Low",43,8,10,12,"Moderate","Very Low","Very Low","Low",54,15,20,22,"Low","Very Low","Very Low","Very Low",37,17,20,19,2
"89",89,"22071004100",22071004100,"LOUISIANA","Orleans",0.340685221872792,1,1,1,1,22071004100,22,"LOUISIANA","LA",22071,"Orleans",22071004100,"Census Tract 41, Orleans Parish, Louisiana",0.1201,0.1201,2015,22071,22,"LA",224,0.016181,0.024997,0.071247,0.01275,"High","Moderate","Moderate","Moderate",63,54,59,60,"Very High","Very High","High","Very High",83,81,78,81,"High","High","High","High",75,73,73,73,5
"90",90,"22071004401",22071004401,"LOUISIANA","Orleans",0.634349759632036,2.5,2.66666666666667,3,2.66666666666667,22071004401,22,"LOUISIANA","LA",22071,"Orleans",22071004401,"Census Tract 44.01, Orleans Parish, Louisiana",0.5278,0.5278,2015,22071,22,"LA",203,-0.05374,-0.12173,-0.42669,-0.06861,"Low","Very Low","Very Low","Very Low",23,1,3,3,"Low","Very Low","Very Low","Very Low",24,1,4,3,"Very Low","Very Low","Very Low","Very Low",7,1,4,2,1
"91",91,"22071004402",22071004402,"LOUISIANA","Orleans",0.397140521743949,5,5,5,5,22071004402,22,"LOUISIANA","LA",22071,"Orleans",22071004402,"Census Tract 44.02, Orleans Parish, Louisiana",0.5971,0.5971,NA,NA,NA,NA,NA,NA,NA,NA,NA,NA,NA,NA,NA,NA,NA,NA,NA,NA,NA,NA,NA,NA,NA,NA,NA,NA,NA,NA,NA,NA,NA,NA,NA,NA
"92",92,"22071004500",22071004500,"LOUISIANA","Orleans",0.760463279810476,1.5,2,2,2,22071004500,22,"LOUISIANA","LA",22071,"Orleans",22071004500,"Census Tract 45, Orleans Parish, Louisiana",0.582,0.582,2015,22071,22,"LA",608,-0.01727,-0.02542,-0.22623,-0.03099,"Moderate","Very Low","Very Low","Very Low",45,16,12,15,"Moderate","Low","Low","Low",56,26,24,26,"Low","Low","Low","Low",39,28,23,24,2
"93",93,"22071004600",22071004600,"LOUISIANA","Orleans",0.25582909629958,1,1,1,1,22071004600,22,"LOUISIANA","LA",22071,"Orleans",22071004600,"Census Tract 46, Orleans Parish, Louisiana",0.0459,0.0459,2015,22071,22,"LA",329,0.013244,0.012732,0.192723,0.025293,"High","Moderate","Very High","High",61,42,84,75,"Very High","High","Very High","Very High",82,67,96,92,"High","High","Very High","Very High",73,64,95,89,5
"94",94,"22071004800",22071004800,"LOUISIANA","Orleans",0.631107909283606,4,4,4,4,22071004800,22,"LOUISIANA","LA",22071,"Orleans",22071004800,"Census Tract 48, Orleans Parish, Louisiana",0.9055,0.9055,2015,22071,22,"LA",19,-0.05005,-0.11026,-0.60266,-0.08751,"Low","Very Low","Very Low","Very Low",25,1,1,1,"Low","Very Low","Very Low","Very Low",28,2,1,1,"Very Low","Very Low","Very Low","Very Low",9,1,1,1,1
"95",95,"22071004900",22071004900,"LOUISIANA","Orleans",0.88900126071958,2,2,2,2,22071004900,22,"LOUISIANA","LA",22071,"Orleans",22071004900,"Census Tract 49, Orleans Parish, Louisiana",0.9628,0.9628,2015,22071,22,"LA",276,-0.04852,-0.12435,-0.35377,-0.05981,"Low","Very Low","Very Low","Very Low",26,1,5,4,"Low","Very Low","Very Low","Very Low",30,1,10,6,"Very Low","Very Low","Very Low","Very Low",11,1,9,3,1
"96",96,"22071005000",22071005000,"LOUISIANA","Orleans",0.792022831493052,2,2.5,2.5,2.5,22071005000,22,"LOUISIANA","LA",22071,"Orleans",22071005000,"Census Tract 50, Orleans Parish, Louisiana",0.5378,0.5378,2015,22071,22,"LA",155,-0.0181,-0.07125,-0.11733,-0.02324,"Moderate","Very Low","Low","Low",44,4,25,21,"Moderate","Very Low","Low","Low",56,8,40,34,"Low","Very Low","Low","Low",39,9,37,31,2
"97",97,"22071005400",22071005400,"LOUISIANA","Orleans",0.552777046591208,2,2.33333333333333,2,2.33333333333333,22071005400,22,"LOUISIANA","LA",22071,"Orleans",22071005400,"Census Tract 54, Orleans Parish, Louisiana",0.4338,0.4338,2015,22071,22,"LA",194,0.022726,-0.01377,0.088261,0.011353,"High","Low","High","Moderate",66,22,63,58,"Very High","Low","Very High","High",88,36,81,80,"High","Low","High","High",79,34,75,73,4
"98",98,"22071005500",22071005500,"LOUISIANA","Orleans",0.0926421080339702,1,1.33333333333333,1,1.33333333333333,22071005500,22,"LOUISIANA","LA",22071,"Orleans",22071005500,"Census Tract 55, Orleans Parish, Louisiana",0.0247,0.0247,2015,22071,22,"LA",475,0.02595,-0.00266,0.159807,0.021232,"High","Low","High","High",68,29,78,70,"Very High","Moderate","Very High","Very High",89,48,92,90,"Very High","Moderate","Very High","Very High",82,45,89,86,5
"99",99,"22071005601",22071005601,"LOUISIANA","Orleans",0.19845942838143,1,1,1,1,22071005601,22,"LOUISIANA","LA",22071,"Orleans",22071005601,"Census Tract 56.01, Orleans Parish, Louisiana",0.0832,0.0832,2015,22071,22,"LA",602,0.057999,0.005907,0.232166,0.034128,"High","Low","Very High","Very High",80,36,91,84,"Very High","Moderate","Very High","Very High",96,58,98,98,"Very High","Moderate","Very High","Very High",90,53,97,95,5
"100",100,"22071005602",22071005602,"LOUISIANA","Orleans",0.120627311896482,1,1,1,1,22071005602,22,"LOUISIANA","LA",22071,"Orleans",22071005602,"Census Tract 56.02, Orleans Parish, Louisiana",0.0194,0.0194,2015,22071,22,"LA",684,0.051152,0.024547,0.286483,0.041679,"High","Moderate","Very High","Very High",77,54,97,91,"Very High","High","Very High","Very High",96,80,100,100,"Very High","High","Very High","Very High",89,72,99,99,5
"101",101,"22071005603",22071005603,"LOUISIANA","Orleans",0.106676272149181,1,1,1,1,22071005603,22,"LOUISIANA","LA",22071,"Orleans",22071005603,"Census Tract 56.03, Orleans Parish, Louisiana",0.0061,0.0061,2015,22071,22,"LA",319,0.056442,0.030378,0.278318,0.04193,"High","Moderate","Very High","Very High",79,60,97,91,"Very High","Very High","Very High","Very High",96,86,100,100,"Very High","High","Very High","Very High",90,80,99,99,5
"102",102,"22071005604",22071005604,"LOUISIANA","Orleans",0.0464665216608249,1,1,1,1,22071005604,22,"LOUISIANA","LA",22071,"Orleans",22071005604,"Census Tract 56.04, Orleans Parish, Louisiana",9e-04,9e-04,2015,22071,22,"LA",365,0.046418,0.029775,0.262142,0.038869,"High","Moderate","Very High","Very High",76,59,95,88,"Very High","Very High","Very High","Very High",95,86,99,99,"Very High","High","Very High","Very High",88,80,98,98,5
"103",103,"22071006300",22071006300,"LOUISIANA","Orleans",0.815339216691373,2,2,2,2,22071006300,22,"LOUISIANA","LA",22071,"Orleans",22071006300,"Census Tract 63, Orleans Parish, Louisiana",0.6875,0.6875,2015,22071,22,"LA",188,-0.00554,-0.04153,-0.26803,-0.03627,"Moderate","Very Low","Very Low","Very Low",51,10,9,12,"High","Very Low","Very Low","Low",67,17,19,22,"Moderate","Very Low","Very Low","Very Low",51,19,17,20,2
"104",104,"22071006400",22071006400,"LOUISIANA","Orleans",0.554010058048517,1,1.25,1,1.25,22071006400,22,"LOUISIANA","LA",22071,"Orleans",22071006400,"Census Tract 64, Orleans Parish, Louisiana",0.2057,0.2057,2015,22071,22,"LA",287,-0.00031,-0.06455,0.054094,-0.00056,"Moderate","Very Low","Moderate","Moderate",54,5,56,44,"High","Very Low","High","High",73,9,74,64,"Moderate","Very Low","High","Moderate",58,11,69,57,4
"105",105,"22071006500",22071006500,"LOUISIANA","Orleans",0.705337969825854,1.5,1.66666666666667,2,1.66666666666667,22071006500,22,"LOUISIANA","LA",22071,"Orleans",22071006500,"Census Tract 65, Orleans Parish, Louisiana",0.5731,0.5731,2015,22071,22,"LA",541,0.012808,-0.04335,-0.02295,-0.00585,"High","Very Low","Low","Low",61,9,40,38,"Very High","Very Low","Moderate","Moderate",81,17,57,57,"High","Very Low","Moderate","Moderate",73,18,51,50,3
"106",106,"22071006900",22071006900,"LOUISIANA","Orleans",0.74207894044139,4,4,4,4,22071006900,22,"LOUISIANA","LA",22071,"Orleans",22071006900,"Census Tract 69, Orleans Parish, Louisiana",0.8366,0.8366,2015,22071,22,"LA",363,0.004559,-0.08674,-0.56338,-0.07439,"Moderate","Very Low","Very Low","Very Low",57,3,1,2,"High","Very Low","Very Low","Very Low",76,4,1,2,"High","Very Low","Very Low","Very Low",63,5,1,1,1
"107",107,"22071007101",22071007101,"LOUISIANA","Orleans",0.798755905293637,6,6,6,6,22071007101,22,"LOUISIANA","LA",22071,"Orleans",22071007101,"Census Tract 71.01, Orleans Parish, Louisiana",0.8103,0.8103,2015,22071,22,"LA",248,0.004316,-0.10062,-0.38995,-0.05566,"Moderate","Very Low","Very Low","Very Low",57,2,4,5,"High","Very Low","Very Low","Very Low",76,3,7,8,"High","Very Low","Very Low","Very Low",62,2,6,5,1
"108",108,"22071007200",22071007200,"LOUISIANA","Orleans",0.930840525900168,7,7.33333333333333,7,7.33333333333333,22071007200,22,"LOUISIANA","LA",22071,"Orleans",22071007200,"Census Tract 72, Orleans Parish, Louisiana",0.986,0.986,2015,22071,22,"LA",808,-0.00374,-0.08397,-0.43028,-0.05949,"Moderate","Very Low","Very Low","Very Low",52,3,3,4,"High","Very Low","Very Low","Very Low",69,5,4,6,"Moderate","Very Low","Very Low","Very Low",52,6,4,3,1
"109",109,"22071007501",22071007501,"LOUISIANA","Orleans",0.838530915337831,6.5,7.2,7,7.2,22071007501,22,"LOUISIANA","LA",22071,"Orleans",22071007501,"Census Tract 75.01, Orleans Parish, Louisiana",0.8312,0.8312,2015,22071,22,"LA",532,0.018256,-0.09052,-0.35112,-0.04852,"High","Very Low","Very Low","Very Low",64,2,5,7,"Very High","Very Low","Very Low","Very Low",85,4,10,13,"High","Very Low","Very Low","Very Low",77,4,10,10,1
"110",110,"22071007502",22071007502,"LOUISIANA","Orleans",0.92506338233053,5.5,6,6,6,22071007502,22,"LOUISIANA","LA",22071,"Orleans",22071007502,"Census Tract 75.02, Orleans Parish, Louisiana",0.932,0.932,2015,22071,22,"LA",772,0.006076,-0.10561,-0.38375,-0.05527,"Moderate","Very Low","Very Low","Very Low",58,1,4,5,"High","Very Low","Very Low","Very Low",77,2,7,8,"High","Very Low","Very Low","Very Low",64,2,6,6,1
"111",111,"22071007604",22071007604,"LOUISIANA","Orleans",0.0669843864728945,1,1,1,1,22071007604,22,"LOUISIANA","LA",22071,"Orleans",22071007604,"Census Tract 76.04, Orleans Parish, Louisiana",0.0052,0.0052,2015,22071,22,"LA",485,0.047304,0.030014,0.372764,0.051895,"High","Moderate","Very High","Very High",76,60,100,97,"Very High","Very High","Very High","Very High",95,86,100,100,"Very High","High","Very High","Very High",88,80,100,100,5
"112",112,"22071007605",22071007605,"LOUISIANA","Orleans",0.838378520663332,6,7.5,7.5,7.5,22071007605,22,"LOUISIANA","LA",22071,"Orleans",22071007605,"Census Tract 76.05, Orleans Parish, Louisiana",0.9066,0.9066,2015,22071,22,"LA",355,-0.00734,-0.10929,-0.32878,-0.05073,"Moderate","Very Low","Very Low","Very Low",50,1,6,6,"High","Very Low","Very Low","Very Low",65,2,12,11,"Moderate","Very Low","Very Low","Very Low",48,1,12,9,1
"113",113,"22071007606",22071007606,"LOUISIANA","Orleans",0.36049652955764,1,1.33333333333333,1,1.33333333333333,22071007606,22,"LOUISIANA","LA",22071,"Orleans",22071007606,"Census Tract 76.06, Orleans Parish, Louisiana",0.1773,0.1773,2015,22071,22,"LA",776,0.044686,0.017977,0.088531,0.01718,"High","Moderate","High","High",75,47,63,65,"Very High","High","Very High","Very High",95,73,81,85,"Very High","High","High","High",88,69,75,78,5
"114",114,"22071007700",22071007700,"LOUISIANA","Orleans",0.252033083498428,1,1,1,1,22071007700,22,"LOUISIANA","LA",22071,"Orleans",22071007700,"Census Tract 77, Orleans Parish, Louisiana",0.1663,0.1663,2015,22071,22,"LA",115,0.049638,-0.01934,-0.07541,-0.00534,"High","Very Low","Low","Low",77,19,31,39,"Very High","Low","Moderate","Moderate",96,31,46,58,"Very High","Low","Moderate","Moderate",89,30,43,51,3
"115",115,"22071007800",22071007800,"LOUISIANA","Orleans",0.504440226652443,1,1,1,1,22071007800,22,"LOUISIANA","LA",22071,"Orleans",22071007800,"Census Tract 78, Orleans Parish, Louisiana",0.3086,0.3086,2015,22071,22,"LA",156,0.051394,-0.03925,-0.04075,-0.00322,"High","Very Low","Low","Moderate",77,10,37,41,"Very High","Very Low","Moderate","High",96,19,55,61,"Very High","Low","Moderate","Moderate",89,22,50,53,4
"116",116,"22071008200",22071008200,"LOUISIANA","Orleans",0.41815713276347,1,1,1,1,22071008200,22,"LOUISIANA","LA",22071,"Orleans",22071008200,"Census Tract 82, Orleans Parish, Louisiana",0.2051,0.2051,2015,22071,22,"LA",105,0.030212,-0.01548,0.029018,0.005092,"High","Low","Moderate","Moderate",69,21,50,51,"Very High","Low","High","High",90,34,69,72,"Very High","Low","High","High",84,33,62,64,4
"117",117,"22071008300",22071008300,"LOUISIANA","Orleans",0.420179825715909,1,1,1,1,22071008300,22,"LOUISIANA","LA",22071,"Orleans",22071008300,"Census Tract 83, Orleans Parish, Louisiana",0.1704,0.1704,2015,22071,22,"LA",105,0.063456,0.002627,0.288345,0.040938,"Very High","Low","Very High","Very High",81,34,97,90,"Very High","Moderate","Very High","Very High",98,54,100,99,"Very High","Moderate","Very High","Very High",93,50,99,98,5
"118",118,"22071008400",22071008400,"LOUISIANA","Orleans",0.700932378326707,2,2,2,2,22071008400,22,"LOUISIANA","LA",22071,"Orleans",22071008400,"Census Tract 84, Orleans Parish, Louisiana",0.5346,0.5346,2015,22071,22,"LA",37,0.046516,-0.02906,-0.09169,-0.00862,"High","Very Low","Low","Low",76,14,29,35,"Very High","Low","Moderate","Moderate",95,24,44,53,"Very High","Low","Moderate","Moderate",88,25,41,46,3
"119",119,"22071008500",22071008500,"LOUISIANA","Orleans",0.82219697704382,3,3,3,3,22071008500,22,"LOUISIANA","LA",22071,"Orleans",22071008500,"Census Tract 85, Orleans Parish, Louisiana",0.8455,0.8455,2015,22071,22,"LA",214,-0.00663,-0.06439,-0.4804,-0.06358,"Moderate","Very Low","Very Low","Very Low",51,5,2,3,"High","Very Low","Very Low","Very Low",66,9,3,4,"Moderate","Very Low","Very Low","Very Low",49,11,3,3,1
"120",120,"22071008600",22071008600,"LOUISIANA","Orleans",0.935564760809631,6,7,7,7,22071008600,22,"LOUISIANA","LA",22071,"Orleans",22071008600,"Census Tract 86, Orleans Parish, Louisiana",0.9232,0.9232,2015,22071,22,"LA",199,0.011329,-0.0588,-0.45165,-0.05765,"High","Very Low","Very Low","Very Low",61,6,3,5,"High","Very Low","Very Low","Very Low",80,12,3,7,"High","Very Low","Very Low","Very Low",70,13,3,4,1
"121",121,"22071008800",22071008800,"LOUISIANA","Orleans",0.322467131239523,1,1,1,1,22071008800,22,"LOUISIANA","LA",22071,"Orleans",22071008800,"Census Tract 88, Orleans Parish, Louisiana",0.0901,0.0901,2015,22071,22,"LA",196,0.060888,0.002605,-0.02313,0.004324,"Very High","Low","Low","Moderate",81,34,40,50,"Very High","Moderate","Moderate","High",98,54,57,71,"Very High","Moderate","Moderate","High",93,50,51,63,4
"122",122,"22071009000",22071009000,"LOUISIANA","Orleans",0.316537592995387,1,1,1,1,22071009000,22,"LOUISIANA","LA",22071,"Orleans",22071009000,"Census Tract 90, Orleans Parish, Louisiana",0.1903,0.1903,2015,22071,22,"LA",269,0.079576,0.022919,0.229336,0.037991,"Very High","Moderate","Very High","Very High",86,52,91,88,"Very High","High","Very High","Very High",99,78,98,99,"Very High","High","Very High","Very High",97,71,97,97,5
"123",123,"22071009100",22071009100,"LOUISIANA","Orleans",0.80413128108505,1,2,1,2,22071009100,22,"LOUISIANA","LA",22071,"Orleans",22071009100,"Census Tract 91, Orleans Parish, Louisiana",0.6058,0.6058,2015,22071,22,"LA",162,0.0529,-0.03742,0.021541,0.004409,"High","Very Low","Moderate","Moderate",78,11,49,50,"Very High","Very Low","High","High",96,20,67,71,"Very High","Low","Moderate","High",89,22,60,63,4
"124",124,"22071009200",22071009200,"LOUISIANA","Orleans",0.88575941037115,4,6,7,6,22071009200,22,"LOUISIANA","LA",22071,"Orleans",22071009200,"Census Tract 92, Orleans Parish, Louisiana",0.7961,0.7961,2015,22071,22,"LA",340,0.01673,-0.06762,-0.51191,-0.06501,"High","Very Low","Very Low","Very Low",63,4,2,3,"Very High","Very Low","Very Low","Very Low",84,9,2,4,"High","Very Low","Very Low","Very Low",77,10,2,3,1
"125",125,"22071009400",22071009400,"LOUISIANA","Orleans",0.919674152477799,7,7.75,7.5,7.75,22071009400,22,"LOUISIANA","LA",22071,"Orleans",22071009400,"Census Tract 94, Orleans Parish, Louisiana",0.9458,0.9458,2015,22071,22,"LA",492,0.025842,-0.06366,-0.44279,-0.05552,"High","Very Low","Very Low","Very Low",67,5,3,5,"Very High","Very Low","Very Low","Very Low",89,10,3,8,"Very High","Very Low","Very Low","Very Low",82,12,3,5,1
"126",126,"22071009600",22071009600,"LOUISIANA","Orleans",0.694628780426982,1,1,1,1,22071009600,22,"LOUISIANA","LA",22071,"Orleans",22071009600,"Census Tract 96, Orleans Parish, Louisiana",0.5499,0.5499,2015,22071,22,"LA",200,0.089288,-0.0071,0.083141,0.018836,"Very High","Low","High","High",88,26,62,67,"Very High","Moderate","High","Very High",100,43,80,86,"Very High","Moderate","High","High",99,41,74,80,5
"127",127,"22071009700",22071009700,"LOUISIANA","Orleans",0.242265970269184,1,1,1,1,22071009700,22,"LOUISIANA","LA",22071,"Orleans",22071009700,"Census Tract 97, Orleans Parish, Louisiana",0.011,0.011,2015,22071,22,"LA",135,0.082505,0.005933,0.237519,0.03747,"Very High","Low","Very High","Very High",86,36,92,87,"Very High","Moderate","Very High","Very High",100,59,99,99,"Very High","Moderate","Very High","Very High",98,53,97,97,5
"128",128,"22071009900",22071009900,"LOUISIANA","Orleans",0.65461825134038,1,1,1,1,22071009900,22,"LOUISIANA","LA",22071,"Orleans",22071009900,"Census Tract 99, Orleans Parish, Louisiana",0.2705,0.2705,2015,22071,22,"LA",330,0.101038,-0.00147,0.055477,0.017508,"Very High","Low","Moderate","High",91,30,56,66,"Very High","Moderate","High","Very High",100,49,75,85,"Very High","Moderate","High","High",99,47,70,79,5
"129",129,"22071010000",22071010000,"LOUISIANA","Orleans",0.772544021279838,1,2.5,1.5,2.5,22071010000,22,"LOUISIANA","LA",22071,"Orleans",22071010000,"Census Tract 100, Orleans Parish, Louisiana",0.7049,0.7049,2015,22071,22,"LA",328,0.036945,-0.03516,-0.16818,-0.01925,"High","Very Low","Very Low","Low",72,12,18,24,"Very High","Low","Low","Low",93,22,32,38,"Very High","Low","Low","Low",86,22,30,35,2
"130",130,"22071010100",22071010100,"LOUISIANA","Orleans",0.317535085410288,1,1,1,1,22071010100,22,"LOUISIANA","LA",22071,"Orleans",22071010100,"Census Tract 101, Orleans Parish, Louisiana",0.0968,0.0968,2015,22071,22,"LA",204,0.068638,-0.04112,0.121869,0.017462,"Very High","Very Low","High","High",83,10,70,66,"Very High","Very Low","Very High","Very High",98,17,85,85,"Very High","Very Low","High","High",93,20,80,79,5
"131",131,"22071010200",22071010200,"LOUISIANA","Orleans",0.67614746262867,1.5,3.4,2,3.4,22071010200,22,"LOUISIANA","LA",22071,"Orleans",22071010200,"Census Tract 102, Orleans Parish, Louisiana",0.5906,0.5906,2015,22071,22,"LA",364,0.035198,-0.08151,-0.11562,-0.01822,"High","Very Low","Low","Low",72,3,25,25,"Very High","Very Low","Low","Low",92,6,40,39,"Very High","Very Low","Low","Low",86,6,37,35,2
"132",132,"22071010300",22071010300,"LOUISIANA","Orleans",0.890525207464568,2,2,2,2,22071010300,22,"LOUISIANA","LA",22071,"Orleans",22071010300,"Census Tract 103, Orleans Parish, Louisiana",0.8929,0.8929,2015,22071,22,"LA",835,0.055381,-0.03269,-0.17525,-0.01777,"High","Very Low","Very Low","Low",79,13,17,26,"Very High","Low","Low","Low",96,23,31,39,"Very High","Low","Low","Low",89,23,30,36,2
"133",133,"22071010600",22071010600,"LOUISIANA","Orleans",0.381180643105526,1,1,1,1,22071010600,22,"LOUISIANA","LA",22071,"Orleans",22071010600,"Census Tract 106, Orleans Parish, Louisiana",0.1758,0.1758,2015,22071,22,"LA",141,0.091691,0.012714,0.081753,0.02104,"Very High","Moderate","High","High",89,42,61,70,"Very High","High","High","Very High",100,67,79,90,"Very High","High","High","Very High",99,64,74,86,5
"134",134,"22071010700",22071010700,"LOUISIANA","Orleans",0.357822695723251,1,1,1,1,22071010700,22,"LOUISIANA","LA",22071,"Orleans",22071010700,"Census Tract 107, Orleans Parish, Louisiana",0.207,0.207,2015,22071,22,"LA",317,0.1213,0.035715,0.019043,0.019442,"Very High","High","Moderate","High",94,66,48,68,"Very High","Very High","High","Very High",100,91,67,87,"Very High","Very High","Moderate","Very High",100,86,60,82,5
"135",135,"22071010800",22071010800,"LOUISIANA","Orleans",0.0884581815159114,1,1,1,1,22071010800,22,"LOUISIANA","LA",22071,"Orleans",22071010800,"Census Tract 108, Orleans Parish, Louisiana",0.0029,0.0029,2015,22071,22,"LA",247,0.128945,0.047854,0.374471,0.063028,"Very High","High","Very High","Very High",95,78,100,100,"Very High","Very High","Very High","Very High",100,98,100,100,"Very High","Very High","Very High","Very High",100,97,100,100,5
"136",136,"22071010900",22071010900,"LOUISIANA","Orleans",0.416134439811031,1,1.25,1,1.25,22071010900,22,"LOUISIANA","LA",22071,"Orleans",22071010900,"Census Tract 109, Orleans Parish, Louisiana",0.1815,0.1815,2015,22071,22,"LA",346,0.086177,0.002217,0.090922,0.020386,"Very High","Low","High","High",87,33,63,69,"Very High","Moderate","Very High","Very High",100,53,81,88,"Very High","Moderate","High","Very High",98,50,75,84,5
"137",137,"22071011100",22071011100,"LOUISIANA","Orleans",0.666061705989111,1.5,1.66666666666667,2,1.66666666666667,22071011100,22,"LOUISIANA","LA",22071,"Orleans",22071011100,"Census Tract 111, Orleans Parish, Louisiana",0.5108,0.5108,2015,22071,22,"LA",258,0.08505,-0.07094,0.057455,0.00861,"Very High","Very Low","Moderate","Moderate",87,4,56,55,"Very High","Very Low","High","High",100,8,75,76,"Very High","Very Low","High","High",98,9,70,68,4
"138",138,"22071011200",22071011200,"LOUISIANA","Orleans",0.498981726493121,1,1,1,1,22071011200,22,"LOUISIANA","LA",22071,"Orleans",22071011200,"Census Tract 112, Orleans Parish, Louisiana",0.2889,0.2889,2015,22071,22,"LA",191,0.094959,-0.0059,0.089533,0.020337,"Very High","Low","High","High",89,27,63,69,"Very High","Moderate","Very High","Very High",100,44,81,88,"Very High","Moderate","High","Very High",99,41,75,84,5
"139",139,"22071011400",22071011400,"LOUISIANA","Orleans",0.254526814535681,1,1,1,1,22071011400,22,"LOUISIANA","LA",22071,"Orleans",22071011400,"Census Tract 114, Orleans Parish, Louisiana",0.0077,0.0077,2015,22071,22,"LA",344,0.123061,0.056721,0.114312,0.032973,"Very High","Very High","High","Very High",94,85,68,82,"Very High","Very High","Very High","Very High",100,100,84,98,"Very High","Very High","High","Very High",100,99,79,95,5
"140",140,"22071011500",22071011500,"LOUISIANA","Orleans",0.42966985771879,1,1,1,1,22071011500,22,"LOUISIANA","LA",22071,"Orleans",22071011500,"Census Tract 115, Orleans Parish, Louisiana",0.0807,0.0807,2015,22071,22,"LA",161,0.121366,0.000717,0.27618,0.045732,"Very High","Low","Very High","Very High",94,32,96,94,"Very High","Moderate","Very High","Very High",100,51,100,100,"Very High","Moderate","Very High","Very High",100,48,99,100,5
"141",141,"22071011600",22071011600,"LOUISIANA","Orleans",0.148612515758995,1,1,1,1,22071011600,22,"LOUISIANA","LA",22071,"Orleans",22071011600,"Census Tract 116, Orleans Parish, Louisiana",0.0875,0.0875,2015,22071,22,"LA",292,0.130384,0.052815,0.29874,0.05488,"Very High","Very High","Very High","Very High",95,82,98,98,"Very High","Very High","Very High","Very High",100,99,100,100,"Very High","Very High","Very High","Very High",100,97,100,100,5
"142",142,"22071011700",22071011700,"LOUISIANA","Orleans",0.206189994596916,1,1,1,1,22071011700,22,"LOUISIANA","LA",22071,"Orleans",22071011700,"Census Tract 117, Orleans Parish, Louisiana",0.1228,0.1228,2015,22071,22,"LA",711,0.1278,0.042896,0.249654,0.047819,"Very High","High","Very High","Very High",95,73,93,95,"Very High","Very High","Very High","Very High",100,96,99,100,"Very High","Very High","Very High","Very High",100,92,98,100,5
"143",143,"22071011900",22071011900,"LOUISIANA","Orleans",0.208946952799213,1,1,1,1,22071011900,22,"LOUISIANA","LA",22071,"Orleans",22071011900,"Census Tract 119, Orleans Parish, Louisiana",0.1049,0.1049,2015,22071,22,"LA",257,0.107686,-0.00018,0.222056,0.037809,"Very High","Low","Very High","Very High",92,31,89,87,"Very High","Moderate","Very High","Very High",100,50,98,99,"Very High","Moderate","Very High","Very High",99,48,96,97,5
"144",144,"22071012000",22071012000,"LOUISIANA","Orleans",0.107576786134855,1,1,1,1,22071012000,22,"LOUISIANA","LA",22071,"Orleans",22071012000,"Census Tract 120, Orleans Parish, Louisiana",0.1229,0.1229,2015,22071,22,"LA",233,0.125146,0.022391,0.189875,0.038381,"Very High","Moderate","Very High","Very High",94,52,84,88,"Very High","High","Very High","Very High",100,78,96,99,"Very High","High","Very High","Very High",100,70,94,97,5
"145",145,"22071012101",22071012101,"LOUISIANA","Orleans",0.118369099901636,1,1,1,1,22071012101,22,"LOUISIANA","LA",22071,"Orleans",22071012101,"Census Tract 121.01, Orleans Parish, Louisiana",0.2654,0.2654,2015,22071,22,"LA",382,0.099512,0.03835,0.109273,0.027831,"Very High","High","High","High",90,68,67,77,"Very High","Very High","Very High","Very High",100,94,83,94,"Very High","Very High","High","Very High",99,89,78,91,5
"146",146,"22071012102",22071012102,"LOUISIANA","Orleans",0.191892603316662,1,1,1,1,22071012102,22,"LOUISIANA","LA",22071,"Orleans",22071012102,"Census Tract 121.02, Orleans Parish, Louisiana",0.4336,0.4336,2015,22071,22,"LA",134,0.116309,0.014382,0.031055,0.018031,"Very High","Moderate","Moderate","High",93,44,51,66,"Very High","High","High","Very High",100,68,70,86,"Very High","High","High","High",100,65,63,79,5
"147",147,"22071012200",22071012200,"LOUISIANA","Orleans",0.168603926240978,1,1,1,1,22071012200,22,"LOUISIANA","LA",22071,"Orleans",22071012200,"Census Tract 122, Orleans Parish, Louisiana",0.0234,0.0234,2015,22071,22,"LA",378,0.102277,0.031836,0.231529,0.041706,"Very High","High","Very High","Very High",91,61,91,91,"Very High","Very High","Very High","Very High",100,88,98,100,"Very High","Very High","Very High","Very High",99,82,97,99,5
"148",148,"22071012300",22071012300,"LOUISIANA","Orleans",0.502860863662183,1.5,2.66666666666667,2,2.66666666666667,22071012300,22,"LOUISIANA","LA",22071,"Orleans",22071012300,"Census Tract 123, Orleans Parish, Louisiana",0.3399,0.3399,2015,22071,22,"LA",326,0.072328,-0.04319,-0.05186,-0.00261,"Very High","Very Low","Low","Moderate",84,9,35,42,"Very High","Very Low","Moderate","High",99,17,51,62,"Very High","Very Low","Moderate","Moderate",94,19,47,55,4
"149",149,"22071012400",22071012400,"LOUISIANA","Orleans",0.502098890289688,1,1.5,1.5,1.5,22071012400,22,"LOUISIANA","LA",22071,"Orleans",22071012400,"Census Tract 124, Orleans Parish, Louisiana",0.229,0.229,2015,22071,22,"LA",316,0.069997,-0.01085,0.018744,0.008792,"Very High","Low","Moderate","Moderate",83,24,48,55,"Very High","Low","High","High",98,38,67,77,"Very High","Low","Moderate","High",94,36,60,69,4
"150",150,"22071012500",22071012500,"LOUISIANA","Orleans",0.599853146950028,1,1,1,1,22071012500,22,"LOUISIANA","LA",22071,"Orleans",22071012500,"Census Tract 125, Orleans Parish, Louisiana",0.4329,0.4329,2015,22071,22,"LA",233,0.118132,-0.01182,0.065274,0.019448,"Very High","Low","Moderate","High",94,23,58,68,"Very High","Low","High","Very High",100,37,76,87,"Very High","Low","High","Very High",100,35,71,82,5
"151",151,"22071012600",22071012600,"LOUISIANA","Orleans",0.204569069422701,1,1,1,1,22071012600,22,"LOUISIANA","LA",22071,"Orleans",22071012600,"Census Tract 126, Orleans Parish, Louisiana",0.0946,0.0946,2015,22071,22,"LA",231,0.110055,0.022825,0.192977,0.037117,"Very High","Moderate","Very High","Very High",92,52,84,87,"Very High","High","Very High","Very High",100,78,96,99,"Very High","High","Very High","Very High",99,71,95,97,5
"152",152,"22071012700",22071012700,"LOUISIANA","Orleans",0.469888197725163,1,1.75,1.5,1.75,22071012700,22,"LOUISIANA","LA",22071,"Orleans",22071012700,"Census Tract 127, Orleans Parish, Louisiana",0.2646,0.2646,2015,22071,22,"LA",367,0.089973,0.011647,0.076566,0.020131,"Very High","Moderate","Moderate","High",88,41,60,69,"Very High","High","High","Very High",100,66,79,88,"Very High","High","High","Very High",99,63,74,84,5
"153",153,"22071012800",22071012800,"LOUISIANA","Orleans",0.813164129064435,1,1,1,1,22071012800,22,"LOUISIANA","LA",22071,"Orleans",22071012800,"Census Tract 128, Orleans Parish, Louisiana",0.4996,0.4996,2015,22071,22,"LA",315,0.070577,-0.00813,0.102809,0.018949,"Very High","Low","High","High",83,25,66,67,"Very High","Moderate","Very High","Very High",98,41,83,86,"Very High","Low","High","High",94,39,77,80,5
"154",154,"22071012900",22071012900,"LOUISIANA","Orleans",0.659924356825203,1,1.5,1.5,1.5,22071012900,22,"LOUISIANA","LA",22071,"Orleans",22071012900,"Census Tract 129, Orleans Parish, Louisiana",0.6491,0.6491,2015,22071,22,"LA",193,0.085271,-0.00157,-0.0125,0.007823,"Very High","Low","Moderate","Moderate",87,30,42,54,"Very High","Moderate","Moderate","High",100,49,60,76,"Very High","Moderate","Moderate","High",98,47,55,68,4
"155",155,"22071013000",22071013000,"LOUISIANA","Orleans",0.698064587633865,2,2,2,2,22071013000,22,"LOUISIANA","LA",22071,"Orleans",22071013000,"Census Tract 130, Orleans Parish, Louisiana",0.5092,0.5092,2015,22071,22,"LA",478,0.07613,-0.04861,0.012643,0.00476,"Very High","Very Low","Moderate","Moderate",85,8,47,51,"Very High","Very Low","High","High",99,14,66,72,"Very High","Very Low","Moderate","High",96,15,59,63,4
"156",156,"22071013100",22071013100,"LOUISIANA","Orleans",0.803189204915421,2.5,3.25,3,3.25,22071013100,22,"LOUISIANA","LA",22071,"Orleans",22071013100,"Census Tract 131, Orleans Parish, Louisiana",0.7905,0.7905,2015,22071,22,"LA",308,0.033433,-0.13528,-0.35053,-0.05151,"High","Very Low","Very Low","Very Low",71,1,5,6,"Very High","Very Low","Very Low","Very Low",91,1,10,10,"Very High","Very Low","Very Low","Very Low",85,1,10,8,1
"157",157,"22071013200",22071013200,"LOUISIANA","Orleans",0.710741053739904,2,2.75,2.5,2.75,22071013200,22,"LOUISIANA","LA",22071,"Orleans",22071013200,"Census Tract 132, Orleans Parish, Louisiana",0.5258,0.5258,2015,22071,22,"LA",395,0.028915,-0.02874,-0.27271,-0.03165,"High","Very Low","Very Low","Very Low",69,14,9,15,"Very High","Low","Very Low","Low",90,24,18,26,"Very High","Low","Very Low","Low",83,25,16,23,2
"158",158,"22071013301",22071013301,"LOUISIANA","Orleans",0.0985716462781064,1,1,1,1,22071013301,22,"LOUISIANA","LA",22071,"Orleans",22071013301,"Census Tract 133.01, Orleans Parish, Louisiana",0.0381,0.0381,2015,22071,22,"LA",739,0.068366,0.02879,0.27256,0.042412,"Very High","Moderate","Very High","Very High",83,58,96,91,"Very High","Very High","Very High","Very High",98,85,100,100,"Very High","High","Very High","Very High",93,78,99,99,5
"159",159,"22071013302",22071013302,"LOUISIANA","Orleans",0.225585680442222,1,1,1,1,22071013302,22,"LOUISIANA","LA",22071,"Orleans",22071013302,"Census Tract 133.02, Orleans Parish, Louisiana",0.1262,0.1262,2015,22071,22,"LA",366,0.064098,-0.05481,0.264909,0.032192,"Very High","Very Low","Very High","Very High",82,6,95,82,"Very High","Very Low","Very High","Very High",98,13,99,97,"Very High","Very Low","Very High","Very High",93,14,98,94,5
"160",160,"22071013400",22071013400,"LOUISIANA","Orleans",0.295382441362685,1,1,1,1,22071013400,22,"LOUISIANA","LA",22071,"Orleans",22071013400,"Census Tract 134, Orleans Parish, Louisiana",0.3833,0.3833,2015,22071,22,"LA",101,0.029409,-0.00994,0.047962,0.007799,"High","Low","Moderate","Moderate",69,24,54,54,"Very High","Low","High","High",90,39,73,76,"Very High","Low","High","High",84,36,68,68,4
"161",161,"22071013500",22071013500,"LOUISIANA","Orleans",0.5574458652554,1,1,1,1,22071013500,22,"LOUISIANA","LA",22071,"Orleans",22071013500,"Census Tract 135, Orleans Parish, Louisiana",0.3943,0.3943,2015,22071,22,"LA",10,-0.00332,-0.04277,-0.07948,-0.01417,"Moderate","Very Low","Low","Low",53,9,31,29,"High","Very Low","Moderate","Moderate",69,17,45,45,"Moderate","Very Low","Moderate","Moderate",53,19,43,41,3
"162",162,"22071013600",22071013600,"LOUISIANA","Orleans",0.458375472769842,1,1,1,1,22071013600,22,"LOUISIANA","LA",22071,"Orleans",22071013600,"Census Tract 136, Orleans Parish, Louisiana",0.2184,0.2184,2015,22071,22,"LA",116,-0.00137,-0.0481,0.003414,-0.00485,"Moderate","Very Low","Moderate","Low",54,8,45,39,"High","Very Low","High","Moderate",71,15,63,58,"Moderate","Very Low","Moderate","Moderate",56,15,57,51,3
"163",163,"22071013700",22071013700,"LOUISIANA","Orleans",0.633629348443496,7.5,8,8,8,22071013700,22,"LOUISIANA","LA",22071,"Orleans",22071013700,"Census Tract 137, Orleans Parish, Louisiana",0.7504,0.7504,2015,22071,22,"LA",1015,-0.01537,-0.08836,-0.58047,-0.07876,"Moderate","Very Low","Very Low","Very Low",46,2,1,1,"Moderate","Very Low","Very Low","Very Low",58,4,1,1,"Moderate","Very Low","Very Low","Very Low",43,5,1,1,1
"164",164,"22071013800",22071013800,"LOUISIANA","Orleans",0.955473046923706,5.5,5.66666666666667,6,5.66666666666667,22071013800,22,"LOUISIANA","LA",22071,"Orleans",22071013800,"Census Tract 138, Orleans Parish, Louisiana",0.9503,0.9503,2015,22071,22,"LA",966,-0.00563,-0.04703,-0.43448,-0.05628,"Moderate","Very Low","Very Low","Very Low",51,8,3,5,"High","Very Low","Very Low","Very Low",67,15,4,8,"Moderate","Very Low","Very Low","Very Low",51,16,3,4,1
"165",165,"22071013900",22071013900,"LOUISIANA","Orleans",0.813371939984206,1,2,2,2,22071013900,22,"LOUISIANA","LA",22071,"Orleans",22071013900,"Census Tract 139, Orleans Parish, Louisiana",0.6805,0.6805,2015,22071,22,"LA",199,0.037056,-0.03194,-0.11481,-0.01267,"High","Very Low","Low","Low",72,13,25,31,"Very High","Low","Low","Moderate",93,23,40,46,"Very High","Low","Low","Moderate",87,24,38,42,3
"166",166,"22071014000",22071014000,"LOUISIANA","Orleans",0.869536304567684,4,4.5,4.5,4.5,22071014000,22,"LOUISIANA","LA",22071,"Orleans",22071014000,"Census Tract 140, Orleans Parish, Louisiana",0.9853,0.9853,2015,22071,22,"LA",659,-0.01553,-0.02497,-0.59078,-0.07327,"Moderate","Very Low","Very Low","Very Low",46,16,1,2,"Moderate","Low","Very Low","Very Low",58,26,1,3,"Moderate","Low","Very Low","Very Low",42,28,1,2,1
"167",167,"22071014100",22071014100,"LOUISIANA","Orleans",0.556808578434768,1,1.66666666666667,1,1.66666666666667,22071014100,22,"LOUISIANA","LA",22071,"Orleans",22071014100,"Census Tract 141, Orleans Parish, Louisiana",0.7424,0.7424,2015,22071,22,"LA",144,0.036986,0.004914,-0.31157,-0.03172,"High","Low","Very Low","Very Low",72,35,7,15,"Very High","Moderate","Very Low","Low",93,57,14,26,"Very High","Moderate","Very Low","Low",86,52,14,23,2
"168",168,"22071014200",22071014200,"LOUISIANA","Orleans",0.303667170030895,1,1,1,1,22071014200,22,"LOUISIANA","LA",22071,"Orleans",22071014200,"Census Tract 142, Orleans Parish, Louisiana",0.0655,0.0655,2015,22071,22,"LA",125,0.072428,0.000796,0.01766,0.010168,"Very High","Low","Moderate","Moderate",84,32,48,57,"Very High","Moderate","High","High",99,51,66,79,"Very High","Moderate","Moderate","High",94,48,60,71,4
"169",169,"22071014300",22071014300,"LOUISIANA","Orleans",0.922181737576371,8,8,8,8,22071014300,22,"LOUISIANA","LA",22071,"Orleans",22071014300,"Census Tract 143, Orleans Parish, Louisiana",0.9876,0.9876,2015,22071,22,"LA",774,0.008269,-0.05123,-0.49551,-0.0623,"Moderate","Very Low","Very Low","Very Low",59,7,2,4,"High","Very Low","Very Low","Very Low",78,14,2,5,"High","Very Low","Very Low","Very Low",66,15,2,3,1
"170",170,"22071014400",22071014400,"LOUISIANA","Orleans",0.325556586913454,1,1,1,1,22071014400,22,"LOUISIANA","LA",22071,"Orleans",22071014400,"Census Tract 144, Orleans Parish, Louisiana",0.1871,0.1871,2015,22071,22,"LA",191,0.089574,-0.00205,0.079719,0.019004,"Very High","Low","High","High",88,30,61,67,"Very High","Moderate","High","Very High",100,49,79,86,"Very High","Moderate","High","High",99,46,74,80,5
