"","fips","year","countyfips","statefips","stateusps","pop","z_ED_nat","z_HE_nat","z_SE_nat","z_COI_nat","c5_ED_nat","c5_HE_nat","c5_SE_nat","c5_COI_nat","r_ED_nat","r_HE_nat","r_SE_nat","r_COI_nat","c5_ED_stt","c5_HE_stt","c5_SE_stt","c5_COI_stt","r_ED_stt","r_HE_stt","r_SE_stt","r_COI_stt","c5_ED_met","c5_HE_met","c5_SE_met","c5_COI_met","r_ED_met","r_HE_met","r_SE_met","r_COI_met"
"1",22071000100,2015,22071,22,"LA",488,0.0076592485,-0.041312501,0.12182441,0.010680991,"Moderate","Very Low","High","Moderate",59,10,70,58,"High","Very Low","Very High","High",77,17,85,79,"High","Very Low","High","High",65,19,80,72
"2",22071000200,2015,22071,22,"LA",260,-0.025652289,-0.12717548,-0.32245561,-0.053919557,"Low","Very Low","Very Low","Very Low",39,1,7,5,"Moderate","Very Low","Very Low","Very Low",48,1,13,9,"Low","Very Low","Very Low","Very Low",32,1,13,6
"3",22071000300,2015,22071,22,"LA",175,-0.027391091,-0.12688385,-0.17382033,-0.036746219,"Low","Very Low","Very Low","Very Low",38,1,18,12,"Moderate","Very Low","Low","Low",46,1,31,22,"Low","Very Low","Low","Very Low",29,1,30,20
"4",22071000400,2015,22071,22,"LA",479,-0.0135192,-0.094065621,-0.36646044,-0.054200653,"Moderate","Very Low","Very Low","Very Low",47,2,5,5,"Moderate","Very Low","Very Low","Very Low",60,3,9,9,"Moderate","Very Low","Very Low","Very Low",45,4,7,6
"5",22071000601,2015,22071,22,"LA",220,-0.0065531456,-0.099070355,-0.67472857,-0.089911789,"Moderate","Very Low","Very Low","Very Low",51,2,1,1,"High","Very Low","Very Low","Very Low",66,3,1,1,"Moderate","Very Low","Very Low","Very Low",49,2,1,1
"6",22071000602,2015,22071,22,"LA",584,-0.020815672,-0.044628397,-0.12278149,-0.021352854,"Moderate","Very Low","Low","Low",42,9,24,23,"Moderate","Very Low","Low","Low",53,16,39,36,"Low","Very Low","Low","Low",36,17,37,32
"7",22071000603,2015,22071,22,"LA",290,-0.0063820216,-0.034543902,-0.66302192,-0.081693001,"Moderate","Very Low","Very Low","Very Low",51,12,1,1,"High","Low","Very Low","Very Low",66,22,1,1,"Moderate","Low","Very Low","Very Low",49,22,1,1
"8",22071000604,2015,22071,22,"LA",1134,0.0043831705,-0.0080655245,-0.35282072,-0.041517574,"Moderate","Low","Very Low","Very Low",57,25,5,10,"High","Moderate","Very Low","Very Low",76,41,10,17,"High","Low","Very Low","Very Low",62,40,10,15
"9",22071000605,2015,22071,22,"LA",646,-0.013471784,-0.017541809,-0.2069719,-0.027489277,"Moderate","Very Low","Very Low","Very Low",47,20,14,18,"Moderate","Low","Low","Low",60,32,26,30,"Moderate","Low","Low","Low",45,31,25,27
"10",22071000606,2015,22071,22,"LA",778,0.016714269,0.027796483,0.074079037,0.013435584,"High","Moderate","Moderate","High",63,57,60,61,"Very High","Very High","High","Very High",84,83,78,81,"High","High","High","High",77,78,73,74
"11",22071000607,2015,22071,22,"LA",1450,0.021047862,0.032528337,0.14359613,0.022524541,"High","High","High","High",65,62,74,71,"Very High","Very High","Very High","Very High",87,89,88,91,"High","Very High","Very High","Very High",78,82,83,87
"12",22071000611,2015,22071,22,"LA",1306,-0.0060296664,-0.043206602,-0.25317058,-0.034771223,"Moderate","Very Low","Very Low","Very Low",51,9,10,13,"High","Very Low","Low","Low",66,17,21,23,"Moderate","Very Low","Very Low","Low",50,19,20,21
"13",22071000612,2015,22071,22,"LA",438,0.046889096,0.0074920892,0.19013232,0.028163072,"High","Low","Very High","High",76,37,84,78,"Very High","Moderate","Very High","Very High",95,60,96,94,"Very High","Moderate","Very High","Very High",88,55,94,91
"14",22071000613,2015,22071,22,"LA",1637,0.00072621327,-0.0083282143,-0.36421922,-0.043279931,"Moderate","Low","Very Low","Very Low",55,25,5,9,"High","Moderate","Very Low","Very Low",73,41,9,16,"Moderate","Low","Very Low","Very Low",59,39,8,13
"15",22071000615,2015,22071,22,"LA",1248,0.013539387,0.0082107568,-0.14885084,-0.014990569,"High","Low","Low","Low",62,38,21,28,"Very High","High","Low","Moderate",82,61,34,44,"High","Moderate","Low","Low",73,58,33,40
"16",22071000616,2015,22071,22,"LA",1250,0.016578652,-0.04396522,0.0064887721,-0.0020632253,"High","Very Low","Moderate","Moderate",63,9,46,42,"Very High","Very Low","High","High",84,17,64,62,"High","Very Low","Moderate","Moderate",75,18,58,55
"17",22071000617,2015,22071,22,"LA",1346,0.023176683,-0.027195593,-0.21595065,-0.025498785,"High","Very Low","Very Low","Very Low",66,15,13,19,"Very High","Low","Low","Low",88,25,25,31,"High","Low","Low","Low",80,27,24,29
"18",22071000618,2015,22071,22,"LA",1129,0.042456225,-0.0017197245,0.13297479,0.020030081,"High","Low","High","High",74,30,72,69,"Very High","Moderate","Very High","Very High",95,49,86,88,"Very High","Moderate","Very High","Very High",88,47,81,84
"19",22071000701,2015,22071,22,"LA",156,-0.045718677,-0.091455132,-0.47074005,-0.069653399,"Low","Very Low","Very Low","Very Low",27,2,2,2,"Low","Very Low","Very Low","Very Low",32,4,3,3,"Very Low","Very Low","Very Low","Very Low",12,4,3,2
"20",22071000702,2015,22071,22,"LA",464,-0.011399731,-0.095182523,-0.16567303,-0.030666642,"Moderate","Very Low","Very Low","Very Low",48,2,19,16,"High","Very Low","Low","Low",62,3,32,26,"Moderate","Very Low","Low","Low",45,3,30,24
"21",22071000800,2015,22071,22,"LA",345,-0.025846833,-0.10305908,-0.44226411,-0.065359816,"Low","Very Low","Very Low","Very Low",39,2,3,3,"Moderate","Very Low","Very Low","Very Low",47,2,3,4,"Low","Very Low","Very Low","Very Low",31,2,3,3
"22",22071000901,2015,22071,22,"LA",254,-0.029174889,-0.12592132,-0.21982601,-0.042207461,"Low","Very Low","Very Low","Very Low",37,1,13,9,"Moderate","Very Low","Low","Very Low",45,1,24,16,"Low","Very Low","Low","Very Low",28,1,23,14
"23",22071000902,2015,22071,22,"LA",178,-0.019453814,-0.013582209,-0.2559227,-0.03344167,"Moderate","Low","Very Low","Very Low",43,22,10,14,"Moderate","Low","Very Low","Low",54,36,20,24,"Low","Low","Very Low","Low",37,35,20,22
"24",22071000903,2015,22071,22,"LA",123,-0.028765451,-0.11058473,-0.39452741,-0.06091281,"Low","Very Low","Very Low","Very Low",37,1,4,4,"Moderate","Very Low","Very Low","Very Low",45,2,6,5,"Low","Very Low","Very Low","Very Low",28,1,6,3
"25",22071000904,2015,22071,22,"LA",193,-0.021805782,-0.10803829,-0.46977276,-0.068647794,"Moderate","Very Low","Very Low","Very Low",42,1,2,3,"Moderate","Very Low","Very Low","Very Low",52,2,3,3,"Low","Very Low","Very Low","Very Low",35,2,3,2
"26",22071001100,2015,22071,22,"LA",247,-0.012657179,-0.067886308,-0.18051673,-0.029645989,"Moderate","Very Low","Very Low","Very Low",47,4,17,16,"High","Very Low","Low","Low",61,9,30,27,"Moderate","Very Low","Low","Low",45,10,29,25
"27",22071001200,2015,22071,22,"LA",94,0.0042201942,-0.014554385,0.16892646,0.018627586,"Moderate","Low","High","High",57,21,80,67,"High","Low","Very High","Very High",76,35,93,86,"High","Low","Very High","High",62,34,91,80
"28",22071001301,2015,22071,22,"LA",275,-0.037648104,-0.060279492,-0.33540052,-0.049672805,"Low","Very Low","Very Low","Very Low",32,5,6,7,"Low","Very Low","Very Low","Very Low",38,11,12,12,"Very Low","Very Low","Very Low","Very Low",19,13,12,9
"29",22071001302,2015,22071,22,"LA",138,-0.049388357,-0.06777823,-0.47348115,-0.067871831,"Low","Very Low","Very Low","Very Low",25,4,2,3,"Low","Very Low","Very Low","Very Low",29,9,3,3,"Very Low","Very Low","Very Low","Very Low",10,10,3,2
"30",22071001401,2015,22071,22,"LA",334,-0.035679769,-0.12819469,-0.47073975,-0.072432555,"Low","Very Low","Very Low","Very Low",33,1,2,2,"Low","Very Low","Very Low","Very Low",40,1,3,3,"Low","Very Low","Very Low","Very Low",21,1,3,2
"31",22071001402,2015,22071,22,"LA",505,-0.015531996,-0.062161095,-0.21983072,-0.033943206,"Moderate","Very Low","Very Low","Very Low",46,5,13,14,"Moderate","Very Low","Low","Low",58,10,24,24,"Moderate","Very Low","Low","Low",42,12,23,22
"32",22071001500,2015,22071,22,"LA",169,-0.041532155,-0.047111295,-0.53843778,-0.072388254,"Low","Very Low","Very Low","Very Low",30,8,1,2,"Low","Very Low","Very Low","Very Low",35,15,1,3,"Very Low","Very Low","Very Low","Very Low",16,16,2,2
"33",22071001701,2015,22071,22,"LA",581,0.013884605,-0.011134184,-0.32517374,-0.037565541,"High","Low","Very Low","Very Low",62,24,6,12,"Very High","Low","Very Low","Low",82,38,12,21,"High","Low","Very Low","Very Low",74,36,12,19
"34",22071001702,2015,22071,22,"LA",773,0.0011824556,0.010975096,-0.14487714,-0.015603319,"Moderate","Low","Low","Low",55,40,21,28,"High","High","Low","Moderate",74,65,35,43,"Moderate","High","Low","Low",59,62,34,40
"35",22071001720,2015,22071,22,"LA",799,-0.01901957,-0.064273283,-0.42928198,-0.058981255,"Moderate","Very Low","Very Low","Very Low",44,5,3,4,"Moderate","Very Low","Very Low","Very Low",55,9,4,6,"Low","Very Low","Very Low","Very Low",38,11,4,4
"36",22071001722,2015,22071,22,"LA",1003,0.0051879021,-0.098135583,-0.33822098,-0.049265705,"Moderate","Very Low","Very Low","Very Low",57,2,6,7,"High","Very Low","Very Low","Very Low",76,3,12,12,"High","Very Low","Very Low","Very Low",63,3,12,9
"37",22071001723,2015,22071,22,"LA",968,0.01063023,-5.8443868e-05,-0.22214068,-0.024736393,"Moderate","Low","Very Low","Very Low",60,31,13,20,"High","Moderate","Low","Low",80,50,24,33,"High","Moderate","Low","Low",69,48,23,30
"38",22071001724,2015,22071,22,"LA",1290,0.016649216,-0.070199415,-0.30873269,-0.041597828,"High","Very Low","Very Low","Very Low",63,4,7,10,"Very High","Very Low","Very Low","Very Low",84,8,14,17,"High","Very Low","Very Low","Very Low",76,10,14,14
"39",22071001725,2015,22071,22,"LA",1844,0.010905332,-0.049655683,-0.25804687,-0.034146827,"Moderate","Very Low","Very Low","Very Low",60,7,10,13,"High","Very Low","Very Low","Low",80,14,20,24,"High","Very Low","Very Low","Low",69,15,19,22
"40",22071001730,2015,22071,22,"LA",248,-0.025481541,0.023116635,-0.10001834,-0.012039535,"Low","Moderate","Low","Low",39,52,27,31,"Moderate","High","Moderate","Moderate",48,79,42,48,"Low","High","Low","Moderate",32,72,40,44
"41",22071001734,2015,22071,22,"LA",144,-0.032765094,0.020494062,0.13185473,0.013918732,"Low","Moderate","High","High",35,50,72,62,"Moderate","High","Very High","Very High",41,76,86,82,"Low","High","Very High","High",24,69,81,75
"42",22071001735,2015,22071,22,"LA",479,-0.0058666915,-0.098530434,-0.36102915,-0.05319231,"Moderate","Very Low","Very Low","Very Low",51,2,5,6,"High","Very Low","Very Low","Very Low",66,3,9,9,"Moderate","Very Low","Very Low","Very Low",50,3,8,6
"43",22071001736,2015,22071,22,"LA",483,0.00032306326,-0.058302928,-0.35018003,-0.046980441,"Moderate","Very Low","Very Low","Very Low",55,6,5,8,"High","Very Low","Very Low","Very Low",73,12,10,14,"Moderate","Very Low","Very Low","Very Low",59,14,11,11
"44",22071001737,2015,22071,22,"LA",884,0.015872868,-0.02873306,-0.38385606,-0.046053328,"High","Very Low","Very Low","Very Low",63,14,4,8,"Very High","Low","Very Low","Very Low",83,24,7,15,"High","Low","Very Low","Very Low",75,25,6,11
"45",22071001739,2015,22071,22,"LA",510,0.028842859,0.0041485424,-0.14993845,-0.013852247,"High","Low","Low","Low",69,35,21,30,"Very High","Moderate","Low","Moderate",90,56,34,45,"Very High","Moderate","Low","Moderate",83,52,32,41
"46",22071001740,2015,22071,22,"LA",1406,0.026021611,-0.015202927,-0.25791433,-0.028807517,"High","Low","Very Low","Very Low",68,21,10,17,"Very High","Low","Very Low","Low",89,34,20,28,"Very High","Low","Very Low","Low",82,33,20,25
"47",22071001741,2015,22071,22,"LA",305,-0.028344359,0.010765958,-0.13821599,-0.018119784,"Low","Low","Low","Low",38,40,22,26,"Moderate","High","Low","Low",45,64,36,39,"Low","High","Low","Low",29,61,35,36
"48",22071001743,2015,22071,22,"LA",778,0.012266461,-0.106631,-0.22973126,-0.036728334,"High","Very Low","Very Low","Very Low",61,1,12,12,"Very High","Very Low","Low","Low",81,2,24,22,"High","Very Low","Low","Very Low",71,2,22,20
"49",22071001744,2015,22071,22,"LA",1672,0.0092851743,-0.077944711,-0.37864366,-0.051387638,"Moderate","Very Low","Very Low","Very Low",59,3,4,6,"High","Very Low","Very Low","Very Low",79,6,7,10,"High","Very Low","Very Low","Very Low",67,7,6,8
"50",22071001745,2015,22071,22,"LA",916,0.011941448,-0.044343609,-0.31754506,-0.04040857,"High","Very Low","Very Low","Very Low",61,9,7,10,"Very High","Very Low","Very Low","Very Low",81,16,13,19,"High","Very Low","Very Low","Very Low",71,18,13,16
"51",22071001746,2015,22071,22,"LA",1112,-0.00036193812,-0.043164648,-0.40222654,-0.051523015,"Moderate","Very Low","Very Low","Very Low",54,9,4,6,"High","Very Low","Very Low","Very Low",73,17,6,10,"Moderate","Very Low","Very Low","Very Low",58,19,5,7
"52",22071001747,2015,22071,22,"LA",852,0.028951939,0.039327167,0.12851204,0.022361096,"High","High","High","High",69,70,71,71,"Very High","Very High","Very High","Very High",90,94,86,91,"Very High","Very High","Very High","Very High",84,90,81,87
"53",22071001748,2015,22071,22,"LA",1339,0.0080681285,-0.017627018,-0.10611383,-0.01334905,"Moderate","Very Low","Low","Low",59,20,26,30,"High","Low","Moderate","Moderate",78,32,42,45,"High","Low","Low","Moderate",65,31,39,42
"54",22071001749,2015,22071,22,"LA",1064,-0.030954681,-0.0026150418,-0.23005921,-0.030537782,"Low","Low","Very Low","Very Low",36,29,12,16,"Moderate","Moderate","Low","Low",43,48,24,26,"Low","Moderate","Low","Low",25,46,21,24
"55",22071001750,2015,22071,22,"LA",1182,-0.038634628,-0.021219349,-0.31702179,-0.043501452,"Low","Very Low","Very Low","Very Low",31,18,7,9,"Low","Low","Very Low","Very Low",37,30,13,16,"Very Low","Low","Very Low","Very Low",19,30,14,13
"56",22071001751,2015,22071,22,"LA",132,0.0054782531,-0.16098461,-0.57532394,-0.083543293,"Moderate","Very Low","Very Low","Very Low",57,1,1,1,"High","Very Low","Very Low","Very Low",77,1,1,1,"High","Very Low","Very Low","Very Low",63,1,1,1
"57",22071001800,2015,22071,22,"LA",90,-0.011708402,-0.0034919232,0.2367197,0.025941225,"Moderate","Low","Very High","High",48,29,92,75,"High","Moderate","Very High","Very High",62,47,99,93,"Moderate","Moderate","Very High","Very High",45,44,97,90
"58",22071001900,2015,22071,22,"LA",111,-0.052071936,-0.096420445,-0.3992618,-0.062546782,"Low","Very Low","Very Low","Very Low",24,2,4,4,"Low","Very Low","Very Low","Very Low",27,3,6,5,"Very Low","Very Low","Very Low","Very Low",8,3,6,3
"59",22071002000,2015,22071,22,"LA",172,-0.015853792,-0.081935801,-0.35386992,-0.051706117,"Moderate","Very Low","Very Low","Very Low",45,3,5,6,"Moderate","Very Low","Very Low","Very Low",57,5,10,10,"Moderate","Very Low","Very Low","Very Low",41,6,9,7
"60",22071002100,2015,22071,22,"LA",315,-0.054059606,-0.049885754,-0.35566124,-0.052753076,"Low","Very Low","Very Low","Very Low",23,7,5,6,"Low","Very Low","Very Low","Very Low",24,14,10,10,"Very Low","Very Low","Very Low","Very Low",7,15,9,7
"61",22071002200,2015,22071,22,"LA",502,-0.046959072,-0.052442148,-0.54453331,-0.074265033,"Low","Very Low","Very Low","Very Low",26,7,1,2,"Low","Very Low","Very Low","Very Low",31,13,1,2,"Very Low","Very Low","Very Low","Very Low",11,14,1,1
"62",22071002300,2015,22071,22,"LA",471,-0.032718278,-0.096968748,-0.35302001,-0.055067621,"Low","Very Low","Very Low","Very Low",35,2,5,5,"Moderate","Very Low","Very Low","Very Low",41,3,10,8,"Low","Very Low","Very Low","Very Low",24,3,9,6
"63",22071002401,2015,22071,22,"LA",484,-0.011303824,-0.034102578,-0.19846831,-0.028011417,"Moderate","Very Low","Very Low","Very Low",48,12,15,17,"High","Low","Low","Low",62,22,27,29,"Moderate","Low","Low","Low",46,23,27,26
"64",22071002402,2015,22071,22,"LA",672,0.0069508539,-0.07790412,-0.37156898,-0.050816838,"Moderate","Very Low","Very Low","Very Low",58,3,5,6,"High","Very Low","Very Low","Very Low",77,7,8,11,"High","Very Low","Very Low","Very Low",65,7,7,9
"65",22071002501,2015,22071,22,"LA",547,0.02281104,0.011226462,-0.19874673,-0.019463245,"High","Moderate","Very Low","Low",66,41,15,24,"Very High","High","Low","Low",88,65,27,38,"High","High","Low","Low",79,63,27,35
"66",22071002502,2015,22071,22,"LA",519,0.0058698631,-0.0032533701,-0.18345208,-0.021089995,"Moderate","Low","Very Low","Low",58,29,17,23,"High","Moderate","Low","Low",77,47,30,36,"High","Moderate","Low","Low",64,45,29,33
"67",22071002503,2015,22071,22,"LA",532,0.02929233,0.011308709,0.02075191,0.006863269,"High","Moderate","Moderate","Moderate",69,41,49,53,"Very High","High","High","High",90,65,67,74,"Very High","High","Moderate","High",84,63,60,66
"68",22071002504,2015,22071,22,"LA",521,0.022294329,-0.025709759,-0.12504272,-0.01483672,"High","Very Low","Low","Low",66,15,24,29,"Very High","Low","Low","Moderate",88,26,39,44,"High","Low","Low","Moderate",79,27,36,41
"69",22071002600,2015,22071,22,"LA",73,0.012115224,0.015374866,0.23972595,0.030929523,"High","Moderate","Very High","High",61,45,92,80,"Very High","High","Very High","Very High",81,69,99,95,"High","High","Very High","Very High",71,66,98,92
"70",22071002700,2015,22071,22,"LA",231,-0.038053002,-0.094873741,-0.40572947,-0.06158416,"Low","Very Low","Very Low","Very Low",32,2,4,4,"Low","Very Low","Very Low","Very Low",38,3,6,5,"Very Low","Very Low","Very Low","Very Low",19,3,5,3
"71",22071002800,2015,22071,22,"LA",360,-0.025171347,-0.061986871,-0.50986677,-0.068819091,"Low","Very Low","Very Low","Very Low",40,5,2,3,"Moderate","Very Low","Very Low","Very Low",48,10,2,3,"Low","Very Low","Very Low","Very Low",32,13,2,2
"72",22071002900,2015,22071,22,"LA",258,-0.014728773,-0.072013281,-0.3412632,-0.049060207,"Moderate","Very Low","Very Low","Very Low",46,4,6,7,"Moderate","Very Low","Very Low","Very Low",59,8,11,12,"Moderate","Very Low","Very Low","Very Low",43,9,12,10
"73",22071003000,2015,22071,22,"LA",192,-0.02574412,-0.15210561,-0.49010092,-0.07612247,"Low","Very Low","Very Low","Very Low",39,1,2,2,"Moderate","Very Low","Very Low","Very Low",48,1,3,2,"Low","Very Low","Very Low","Very Low",32,1,2,1
"74",22071003100,2015,22071,22,"LA",264,-0.031966619,-0.06903474,-0.36301756,-0.053191636,"Low","Very Low","Very Low","Very Low",35,4,5,6,"Moderate","Very Low","Very Low","Very Low",42,8,9,9,"Low","Very Low","Very Low","Very Low",24,10,8,7
"75",22071003301,2015,22071,22,"LA",403,0.036773477,-0.0046442458,0.083766289,0.013351643,"High","Low","High","High",72,28,62,61,"Very High","Moderate","High","Very High",93,45,80,81,"Very High","Moderate","High","High",86,42,74,74
"76",22071003302,2015,22071,22,"LA",802,0.033754114,-0.0026164837,0.030215852,0.0069864145,"High","Low","Moderate","Moderate",71,29,51,53,"Very High","Moderate","High","High",91,48,69,74,"Very High","Moderate","High","High",86,45,62,66
"77",22071003303,2015,22071,22,"LA",615,0.029250646,-0.02374189,-0.34319764,-0.039300662,"High","Very Low","Very Low","Very Low",69,16,6,11,"Very High","Low","Very Low","Very Low",90,27,11,20,"Very High","Low","Very Low","Very Low",84,28,11,18
"78",22071003304,2015,22071,22,"LA",800,0.018832607,0.0012620629,-0.30217534,-0.033022121,"High","Low","Very Low","Very Low",64,32,8,14,"Very High","Moderate","Very Low","Low",86,51,15,25,"High","Moderate","Very Low","Low",78,49,14,22
"79",22071003307,2015,22071,22,"LA",265,-0.019930936,-0.0056188894,-0.35472354,-0.044174045,"Moderate","Low","Very Low","Very Low",43,27,5,9,"Moderate","Moderate","Very Low","Very Low",54,45,10,16,"Low","Moderate","Very Low","Very Low",37,42,9,13
"80",22071003308,2015,22071,22,"LA",557,-0.018131819,-0.072855331,-0.36923167,-0.052788325,"Moderate","Very Low","Very Low","Very Low",44,4,5,6,"Moderate","Very Low","Very Low","Very Low",56,8,8,10,"Low","Very Low","Very Low","Very Low",39,8,7,7
"81",22071003400,2015,22071,22,"LA",194,-0.015433818,-0.045958739,-0.20918743,-0.030974902,"Moderate","Very Low","Very Low","Very Low",46,8,14,15,"Moderate","Very Low","Low","Low",58,15,25,26,"Moderate","Very Low","Low","Low",43,17,25,24
"82",22071003500,2015,22071,22,"LA",147,-0.039317731,-0.038152669,-0.3780885,-0.052492779,"Low","Very Low","Very Low","Very Low",31,11,4,6,"Low","Very Low","Very Low","Very Low",37,19,8,10,"Very Low","Low","Very Low","Very Low",18,22,7,7
"83",22071003600,2015,22071,22,"LA",328,-0.018359706,-0.060302541,-0.34364387,-0.048499744,"Moderate","Very Low","Very Low","Very Low",44,5,6,7,"Moderate","Very Low","Very Low","Very Low",56,11,11,13,"Low","Very Low","Very Low","Very Low",38,13,11,10
"84",22071003701,2015,22071,22,"LA",233,-0.0087934351,-0.031955022,0.086156264,0.0056894538,"Moderate","Very Low","High","Moderate",50,13,62,52,"High","Low","High","High",64,23,80,72,"Moderate","Low","High","High",47,24,75,64
"85",22071003702,2015,22071,22,"LA",447,-0.006230318,-0.02899104,-0.1967984,-0.026713176,"Moderate","Very Low","Very Low","Very Low",51,14,15,18,"High","Low","Low","Low",66,24,27,31,"Moderate","Low","Low","Low",50,25,27,28
"86",22071003800,2015,22071,22,"LA",33,-0.00016052536,-0.013178947,0.21705899,0.023901558,"Moderate","Low","Very High","High",54,22,89,73,"High","Low","Very High","Very High",73,36,98,91,"Moderate","Low","Very High","Very High",59,35,96,88
"87",22071003900,2015,22071,22,"LA",75,0.00064787245,-0.095315441,0.032794558,-0.0061990563,"Moderate","Very Low","Moderate","Low",55,2,51,38,"High","Very Low","High","Moderate",73,3,70,56,"Moderate","Very Low","High","Moderate",59,3,64,50
"88",22071004000,2015,22071,22,"LA",321,-0.019499121,-0.045836795,-0.25787094,-0.037090242,"Moderate","Very Low","Very Low","Very Low",43,8,10,12,"Moderate","Very Low","Very Low","Low",54,15,20,22,"Low","Very Low","Very Low","Very Low",37,17,20,19
"89",22071004100,2015,22071,22,"LA",224,0.016181052,0.024997124,0.071247451,0.012749766,"High","Moderate","Moderate","Moderate",63,54,59,60,"Very High","Very High","High","Very High",83,81,78,81,"High","High","High","High",75,73,73,73
"90",22071004401,2015,22071,22,"LA",203,-0.053738199,-0.12172969,-0.4266946,-0.068611525,"Low","Very Low","Very Low","Very Low",23,1,3,3,"Low","Very Low","Very Low","Very Low",24,1,4,3,"Very Low","Very Low","Very Low","Very Low",7,1,4,2
"91",22071004500,2015,22071,22,"LA",608,-0.01726695,-0.025422851,-0.22623271,-0.030990833,"Moderate","Very Low","Very Low","Very Low",45,16,12,15,"Moderate","Low","Low","Low",56,26,24,26,"Low","Low","Low","Low",39,28,23,24
"92",22071004600,2015,22071,22,"LA",329,0.013244338,0.012732195,0.19272262,0.025292786,"High","Moderate","Very High","High",61,42,84,75,"Very High","High","Very High","Very High",82,67,96,92,"High","High","Very High","Very High",73,64,95,89
"93",22071004800,2015,22071,22,"LA",19,-0.050053544,-0.11026151,-0.60265625,-0.087510742,"Low","Very Low","Very Low","Very Low",25,1,1,1,"Low","Very Low","Very Low","Very Low",28,2,1,1,"Very Low","Very Low","Very Low","Very Low",9,1,1,1
"94",22071004900,2015,22071,22,"LA",276,-0.048518889,-0.1243516,-0.35377413,-0.05980641,"Low","Very Low","Very Low","Very Low",26,1,5,4,"Low","Very Low","Very Low","Very Low",30,1,10,6,"Very Low","Very Low","Very Low","Very Low",11,1,9,3
"95",22071005000,2015,22071,22,"LA",155,-0.018098122,-0.071248084,-0.11733151,-0.023235662,"Moderate","Very Low","Low","Low",44,4,25,21,"Moderate","Very Low","Low","Low",56,8,40,34,"Low","Very Low","Low","Low",39,9,37,31
"96",22071005400,2015,22071,22,"LA",194,0.022726065,-0.013765928,0.088261016,0.011353433,"High","Low","High","Moderate",66,22,63,58,"Very High","Low","Very High","High",88,36,81,80,"High","Low","High","High",79,34,75,73
"97",22071005500,2015,22071,22,"LA",475,0.025950292,-0.0026557026,0.15980664,0.021231655,"High","Low","High","High",68,29,78,70,"Very High","Moderate","Very High","Very High",89,48,92,90,"Very High","Moderate","Very High","Very High",82,45,89,86
"98",22071005601,2015,22071,22,"LA",602,0.057998855,0.0059068659,0.23216645,0.034128357,"High","Low","Very High","Very High",80,36,91,84,"Very High","Moderate","Very High","Very High",96,58,98,98,"Very High","Moderate","Very High","Very High",90,53,97,95
"99",22071005602,2015,22071,22,"LA",684,0.051152445,0.024546506,0.28648281,0.041678961,"High","Moderate","Very High","Very High",77,54,97,91,"Very High","High","Very High","Very High",96,80,100,100,"Very High","High","Very High","Very High",89,72,99,99
"100",22071005603,2015,22071,22,"LA",319,0.056442168,0.030378098,0.27831781,0.041930392,"High","Moderate","Very High","Very High",79,60,97,91,"Very High","Very High","Very High","Very High",96,86,100,100,"Very High","High","Very High","Very High",90,80,99,99
"101",22071005604,2015,22071,22,"LA",365,0.046417966,0.029774684,0.2621417,0.038869336,"High","Moderate","Very High","Very High",76,59,95,88,"Very High","Very High","Very High","Very High",95,86,99,99,"Very High","High","Very High","Very High",88,80,98,98
"102",22071006000,2015,22071,22,"LA",416,0.0026667817,-0.0017642537,-0.42782873,-0.049788371,"Moderate","Low","Very Low","Very Low",56,30,3,7,"High","Moderate","Very Low","Very Low",75,49,4,12,"High","Moderate","Very Low","Very Low",61,46,4,9
"103",22071006300,2015,22071,22,"LA",188,-0.0055384161,-0.04153008,-0.26803347,-0.03627266,"Moderate","Very Low","Very Low","Very Low",51,10,9,12,"High","Very Low","Very Low","Low",67,17,19,22,"Moderate","Very Low","Very Low","Very Low",51,19,17,20
"104",22071006400,2015,22071,22,"LA",287,-0.00030942945,-0.064553991,0.054093894,-0.00056282064,"Moderate","Very Low","Moderate","Moderate",54,5,56,44,"High","Very Low","High","High",73,9,74,64,"Moderate","Very Low","High","Moderate",58,11,69,57
"105",22071006500,2015,22071,22,"LA",541,0.012807912,-0.043349046,-0.022948038,-0.0058488767,"High","Very Low","Low","Low",61,9,40,38,"Very High","Very Low","Moderate","Moderate",81,17,57,57,"High","Very Low","Moderate","Moderate",73,18,51,50
"106",22071006900,2015,22071,22,"LA",363,0.0045594233,-0.086736321,-0.56338328,-0.074388251,"Moderate","Very Low","Very Low","Very Low",57,3,1,2,"High","Very Low","Very Low","Very Low",76,4,1,2,"High","Very Low","Very Low","Very Low",63,5,1,1
"107",22071007000,2015,22071,22,"LA",80,0.011534287,-0.12767304,-0.47508249,-0.067653082,"High","Very Low","Very Low","Very Low",61,1,2,3,"High","Very Low","Very Low","Very Low",80,1,3,3,"High","Very Low","Very Low","Very Low",70,1,3,2
"108",22071007101,2015,22071,22,"LA",248,0.0043155849,-0.10062478,-0.38994798,-0.055658828,"Moderate","Very Low","Very Low","Very Low",57,2,4,5,"High","Very Low","Very Low","Very Low",76,3,7,8,"High","Very Low","Very Low","Very Low",62,2,6,5
"109",22071007200,2015,22071,22,"LA",808,-0.0037379253,-0.083972469,-0.43027559,-0.059490621,"Moderate","Very Low","Very Low","Very Low",52,3,3,4,"High","Very Low","Very Low","Very Low",69,5,4,6,"Moderate","Very Low","Very Low","Very Low",52,6,4,3
"110",22071007501,2015,22071,22,"LA",532,0.018256452,-0.090521969,-0.35112023,-0.048515879,"High","Very Low","Very Low","Very Low",64,2,5,7,"Very High","Very Low","Very Low","Very Low",85,4,10,13,"High","Very Low","Very Low","Very Low",77,4,10,10
"111",22071007502,2015,22071,22,"LA",772,0.0060759876,-0.10561188,-0.38375387,-0.055269614,"Moderate","Very Low","Very Low","Very Low",58,1,4,5,"High","Very Low","Very Low","Very Low",77,2,7,8,"High","Very Low","Very Low","Very Low",64,2,6,6
"112",22071007604,2015,22071,22,"LA",485,0.047304299,0.030014152,0.37276372,0.051894553,"High","Moderate","Very High","Very High",76,60,100,97,"Very High","Very High","Very High","Very High",95,86,100,100,"Very High","High","Very High","Very High",88,80,100,100
"113",22071007605,2015,22071,22,"LA",355,-0.0073442925,-0.10929023,-0.32878327,-0.050734885,"Moderate","Very Low","Very Low","Very Low",50,1,6,6,"High","Very Low","Very Low","Very Low",65,2,12,11,"Moderate","Very Low","Very Low","Very Low",48,1,12,9
"114",22071007606,2015,22071,22,"LA",776,0.044686154,0.017976636,0.088530675,0.017179884,"High","Moderate","High","High",75,47,63,65,"Very High","High","Very High","Very High",95,73,81,85,"Very High","High","High","High",88,69,75,78
"115",22071007700,2015,22071,22,"LA",115,0.049638104,-0.019338496,-0.075410418,-0.0053440183,"High","Very Low","Low","Low",77,19,31,39,"Very High","Low","Moderate","Moderate",96,31,46,58,"Very High","Low","Moderate","Moderate",89,30,43,51
"116",22071007800,2015,22071,22,"LA",156,0.05139422,-0.039247911,-0.040752843,-0.0032161705,"High","Very Low","Low","Moderate",77,10,37,41,"Very High","Very Low","Moderate","High",96,19,55,61,"Very High","Low","Moderate","Moderate",89,22,50,53
"117",22071008200,2015,22071,22,"LA",105,0.030212067,-0.015476453,0.029017674,0.0050921594,"High","Low","Moderate","Moderate",69,21,50,51,"Very High","Low","High","High",90,34,69,72,"Very High","Low","High","High",84,33,62,64
"118",22071008300,2015,22071,22,"LA",105,0.063455842,0.0026268202,0.28834528,0.04093755,"Very High","Low","Very High","Very High",81,34,97,90,"Very High","Moderate","Very High","Very High",98,54,100,99,"Very High","Moderate","Very High","Very High",93,50,99,98
"119",22071008400,2015,22071,22,"LA",37,0.046516191,-0.029055636,-0.09169475,-0.0086183194,"High","Very Low","Low","Low",76,14,29,35,"Very High","Low","Moderate","Moderate",95,24,44,53,"Very High","Low","Moderate","Moderate",88,25,41,46
"120",22071008500,2015,22071,22,"LA",214,-0.0066279816,-0.064389288,-0.48040232,-0.063582793,"Moderate","Very Low","Very Low","Very Low",51,5,2,3,"High","Very Low","Very Low","Very Low",66,9,3,4,"Moderate","Very Low","Very Low","Very Low",49,11,3,3
"121",22071008600,2015,22071,22,"LA",199,0.011328693,-0.058796298,-0.45165056,-0.057647757,"High","Very Low","Very Low","Very Low",61,6,3,5,"High","Very Low","Very Low","Very Low",80,12,3,7,"High","Very Low","Very Low","Very Low",70,13,3,4
"122",22071008800,2015,22071,22,"LA",196,0.060887802,0.0026051451,-0.023131441,0.0043237368,"Very High","Low","Low","Moderate",81,34,40,50,"Very High","Moderate","Moderate","High",98,54,57,71,"Very High","Moderate","Moderate","High",93,50,51,63
"123",22071009000,2015,22071,22,"LA",269,0.079575606,0.022919323,0.22933596,0.037990592,"Very High","Moderate","Very High","Very High",86,52,91,88,"Very High","High","Very High","Very High",99,78,98,99,"Very High","High","Very High","Very High",97,71,97,97
"124",22071009100,2015,22071,22,"LA",162,0.052900258,-0.037423871,0.021540698,0.0044090692,"High","Very Low","Moderate","Moderate",78,11,49,50,"Very High","Very Low","High","High",96,20,67,71,"Very High","Low","Moderate","High",89,22,60,63
"125",22071009200,2015,22071,22,"LA",340,0.016730487,-0.067623273,-0.51191413,-0.065012679,"High","Very Low","Very Low","Very Low",63,4,2,3,"Very High","Very Low","Very Low","Very Low",84,9,2,4,"High","Very Low","Very Low","Very Low",77,10,2,3
"126",22071009400,2015,22071,22,"LA",492,0.025841726,-0.063657627,-0.44278815,-0.05552119,"High","Very Low","Very Low","Very Low",67,5,3,5,"Very High","Very Low","Very Low","Very Low",89,10,3,8,"Very High","Very Low","Very Low","Very Low",82,12,3,5
"127",22071009600,2015,22071,22,"LA",200,0.089288324,-0.0071040154,0.083141431,0.018836204,"Very High","Low","High","High",88,26,62,67,"Very High","Moderate","High","Very High",100,43,80,86,"Very High","Moderate","High","High",99,41,74,80
"128",22071009700,2015,22071,22,"LA",135,0.082505144,0.0059327902,0.23751943,0.037470393,"Very High","Low","Very High","Very High",86,36,92,87,"Very High","Moderate","Very High","Very High",100,59,99,99,"Very High","Moderate","Very High","Very High",98,53,97,97
"129",22071009900,2015,22071,22,"LA",330,0.10103767,-0.0014728487,0.055476762,0.017507838,"Very High","Low","Moderate","High",91,30,56,66,"Very High","Moderate","High","Very High",100,49,75,85,"Very High","Moderate","High","High",99,47,70,79
"130",22071010000,2015,22071,22,"LA",328,0.036944754,-0.035157248,-0.16818467,-0.019245872,"High","Very Low","Very Low","Low",72,12,18,24,"Very High","Low","Low","Low",93,22,32,38,"Very High","Low","Low","Low",86,22,30,35
"131",22071010100,2015,22071,22,"LA",204,0.068638161,-0.041122206,0.12186866,0.017461989,"Very High","Very Low","High","High",83,10,70,66,"Very High","Very Low","Very High","Very High",98,17,85,85,"Very High","Very Low","High","High",93,20,80,79
"132",22071010200,2015,22071,22,"LA",364,0.035198376,-0.081508584,-0.11561882,-0.018218117,"High","Very Low","Low","Low",72,3,25,25,"Very High","Very Low","Low","Low",92,6,40,39,"Very High","Very Low","Low","Low",86,6,37,35
"133",22071010300,2015,22071,22,"LA",835,0.055380732,-0.032689668,-0.17525487,-0.017766627,"High","Very Low","Very Low","Low",79,13,17,26,"Very High","Low","Low","Low",96,23,31,39,"Very High","Low","Low","Low",89,23,30,36
"134",22071010600,2015,22071,22,"LA",141,0.091690838,0.012713988,0.081753157,0.02103954,"Very High","Moderate","High","High",89,42,61,70,"Very High","High","High","Very High",100,67,79,90,"Very High","High","High","Very High",99,64,74,86
"135",22071010700,2015,22071,22,"LA",317,0.12130021,0.035714902,0.019043365,0.019442348,"Very High","High","Moderate","High",94,66,48,68,"Very High","Very High","High","Very High",100,91,67,87,"Very High","Very High","Moderate","Very High",100,86,60,82
"136",22071010800,2015,22071,22,"LA",247,0.12894541,0.047854494,0.3744705,0.063028008,"Very High","High","Very High","Very High",95,78,100,100,"Very High","Very High","Very High","Very High",100,98,100,100,"Very High","Very High","Very High","Very High",100,97,100,100
"137",22071010900,2015,22071,22,"LA",346,0.086177096,0.0022173882,0.09092246,0.020386312,"Very High","Low","High","High",87,33,63,69,"Very High","Moderate","Very High","Very High",100,53,81,88,"Very High","Moderate","High","Very High",98,50,75,84
"138",22071011100,2015,22071,22,"LA",258,0.085049897,-0.070939004,0.057454694,0.0086095752,"Very High","Very Low","Moderate","Moderate",87,4,56,55,"Very High","Very Low","High","High",100,8,75,76,"Very High","Very Low","High","High",98,9,70,68
"139",22071011200,2015,22071,22,"LA",191,0.094958648,-0.0059011159,0.089532696,0.020337213,"Very High","Low","High","High",89,27,63,69,"Very High","Moderate","Very High","Very High",100,44,81,88,"Very High","Moderate","High","Very High",99,41,75,84
"140",22071011400,2015,22071,22,"LA",344,0.12306084,0.056720566,0.11431172,0.032973267,"Very High","Very High","High","Very High",94,85,68,82,"Very High","Very High","Very High","Very High",100,100,84,98,"Very High","Very High","High","Very High",100,99,79,95
"141",22071011500,2015,22071,22,"LA",161,0.12136644,0.00071665068,0.27617973,0.045732129,"Very High","Low","Very High","Very High",94,32,96,94,"Very High","Moderate","Very High","Very High",100,51,100,100,"Very High","Moderate","Very High","Very High",100,48,99,100
"142",22071011600,2015,22071,22,"LA",292,0.13038409,0.052814528,0.29873979,0.054880407,"Very High","Very High","Very High","Very High",95,82,98,98,"Very High","Very High","Very High","Very High",100,99,100,100,"Very High","Very High","Very High","Very High",100,97,100,100
"143",22071011700,2015,22071,22,"LA",711,0.1277995,0.042895913,0.24965367,0.047818676,"Very High","High","Very High","Very High",95,73,93,95,"Very High","Very High","Very High","Very High",100,96,99,100,"Very High","Very High","Very High","Very High",100,92,98,100
"144",22071011900,2015,22071,22,"LA",257,0.10768576,-0.00018116637,0.22205646,0.037809085,"Very High","Low","Very High","Very High",92,31,89,87,"Very High","Moderate","Very High","Very High",100,50,98,99,"Very High","Moderate","Very High","Very High",99,48,96,97
"145",22071012000,2015,22071,22,"LA",233,0.12514576,0.022390615,0.18987513,0.038380928,"Very High","Moderate","Very High","Very High",94,52,84,88,"Very High","High","Very High","Very High",100,78,96,99,"Very High","High","Very High","Very High",100,70,94,97
"146",22071012101,2015,22071,22,"LA",382,0.099511765,0.038350366,0.10927269,0.027830906,"Very High","High","High","High",90,68,67,77,"Very High","Very High","Very High","Very High",100,94,83,94,"Very High","Very High","High","Very High",99,89,78,91
"147",22071012102,2015,22071,22,"LA",134,0.11630856,0.014382279,0.03105519,0.018030751,"Very High","Moderate","Moderate","High",93,44,51,66,"Very High","High","High","Very High",100,68,70,86,"Very High","High","High","High",100,65,63,79
"148",22071012200,2015,22071,22,"LA",378,0.10227749,0.031835843,0.23152885,0.041705839,"Very High","High","Very High","Very High",91,61,91,91,"Very High","Very High","Very High","Very High",100,88,98,100,"Very High","Very High","Very High","Very High",99,82,97,99
"149",22071012300,2015,22071,22,"LA",326,0.072327524,-0.04319334,-0.051861804,-0.0026105407,"Very High","Very Low","Low","Moderate",84,9,35,42,"Very High","Very Low","Moderate","High",99,17,51,62,"Very High","Very Low","Moderate","Moderate",94,19,47,55
"150",22071012400,2015,22071,22,"LA",316,0.069996893,-0.010850688,0.018744186,0.0087915789,"Very High","Low","Moderate","Moderate",83,24,48,55,"Very High","Low","High","High",98,38,67,77,"Very High","Low","Moderate","High",94,36,60,69
"151",22071012500,2015,22071,22,"LA",233,0.11813225,-0.011819653,0.065273874,0.019448407,"Very High","Low","Moderate","High",94,23,58,68,"Very High","Low","High","Very High",100,37,76,87,"Very High","Low","High","Very High",100,35,71,82
"152",22071012600,2015,22071,22,"LA",231,0.11005495,0.022824731,0.19297661,0.037116762,"Very High","Moderate","Very High","Very High",92,52,84,87,"Very High","High","Very High","Very High",100,78,96,99,"Very High","High","Very High","Very High",99,71,95,97
"153",22071012700,2015,22071,22,"LA",367,0.08997342,0.011646637,0.076565541,0.020131197,"Very High","Moderate","Moderate","High",88,41,60,69,"Very High","High","High","Very High",100,66,79,88,"Very High","High","High","Very High",99,63,74,84
"154",22071012800,2015,22071,22,"LA",315,0.070577167,-0.0081283851,0.10280945,0.018948598,"Very High","Low","High","High",83,25,66,67,"Very High","Moderate","Very High","Very High",98,41,83,86,"Very High","Low","High","High",94,39,77,80
"155",22071012900,2015,22071,22,"LA",193,0.085270993,-0.0015688151,-0.012501679,0.0078227157,"Very High","Low","Moderate","Moderate",87,30,42,54,"Very High","Moderate","Moderate","High",100,49,60,76,"Very High","Moderate","Moderate","High",98,47,55,68
"156",22071013000,2015,22071,22,"LA",478,0.076129615,-0.048609626,0.012642851,0.0047600712,"Very High","Very Low","Moderate","Moderate",85,8,47,51,"Very High","Very Low","High","High",99,14,66,72,"Very High","Very Low","Moderate","High",96,15,59,63
"157",22071013100,2015,22071,22,"LA",308,0.033432674,-0.13527676,-0.35052761,-0.051505763,"High","Very Low","Very Low","Very Low",71,1,5,6,"Very High","Very Low","Very Low","Very Low",91,1,10,10,"Very High","Very Low","Very Low","Very Low",85,1,10,8
"158",22071013200,2015,22071,22,"LA",395,0.028914606,-0.028738216,-0.27270642,-0.031645816,"High","Very Low","Very Low","Very Low",69,14,9,15,"Very High","Low","Very Low","Low",90,24,18,26,"Very High","Low","Very Low","Low",83,25,16,23
"159",22071013301,2015,22071,22,"LA",739,0.06836582,0.02878963,0.27255958,0.042411558,"Very High","Moderate","Very High","Very High",83,58,96,91,"Very High","Very High","Very High","Very High",98,85,100,100,"Very High","High","Very High","Very High",93,78,99,99
"160",22071013302,2015,22071,22,"LA",366,0.064097948,-0.054808833,0.26490909,0.032191899,"Very High","Very Low","Very High","Very High",82,6,95,82,"Very High","Very Low","Very High","Very High",98,13,99,97,"Very High","Very Low","Very High","Very High",93,14,98,94
"161",22071013400,2015,22071,22,"LA",101,0.029408524,-0.0099367173,0.047962256,0.0077993688,"High","Low","Moderate","Moderate",69,24,54,54,"Very High","Low","High","High",90,39,73,76,"Very High","Low","High","High",84,36,68,68
"162",22071013500,2015,22071,22,"LA",10,-0.00332482,-0.042769425,-0.079479113,-0.01416791,"Moderate","Very Low","Low","Low",53,9,31,29,"High","Very Low","Moderate","Moderate",69,17,45,45,"Moderate","Very Low","Moderate","Moderate",53,19,43,41
"163",22071013600,2015,22071,22,"LA",116,-0.0013728695,-0.048098333,0.0034141801,-0.0048483782,"Moderate","Very Low","Moderate","Low",54,8,45,39,"High","Very Low","High","Moderate",71,15,63,58,"Moderate","Very Low","Moderate","Moderate",56,15,57,51
"164",22071013700,2015,22071,22,"LA",1015,-0.015371957,-0.088363186,-0.58046645,-0.078761086,"Moderate","Very Low","Very Low","Very Low",46,2,1,1,"Moderate","Very Low","Very Low","Very Low",58,4,1,1,"Moderate","Very Low","Very Low","Very Low",43,5,1,1
"165",22071013800,2015,22071,22,"LA",966,-0.0056294524,-0.047025174,-0.4344829,-0.056277491,"Moderate","Very Low","Very Low","Very Low",51,8,3,5,"High","Very Low","Very Low","Very Low",67,15,4,8,"Moderate","Very Low","Very Low","Very Low",51,16,3,4
"166",22071013900,2015,22071,22,"LA",199,0.037056081,-0.031942599,-0.11480732,-0.012667739,"High","Very Low","Low","Low",72,13,25,31,"Very High","Low","Low","Moderate",93,23,40,46,"Very High","Low","Low","Moderate",87,24,38,42
"167",22071014000,2015,22071,22,"LA",659,-0.015529304,-0.0249702,-0.59078074,-0.073267013,"Moderate","Very Low","Very Low","Very Low",46,16,1,2,"Moderate","Low","Very Low","Very Low",58,26,1,3,"Moderate","Low","Very Low","Very Low",42,28,1,2
"168",22071014100,2015,22071,22,"LA",144,0.036985852,0.0049138856,-0.31157109,-0.03171999,"High","Low","Very Low","Very Low",72,35,7,15,"Very High","Moderate","Very Low","Low",93,57,14,26,"Very High","Moderate","Very Low","Low",86,52,14,23
"169",22071014200,2015,22071,22,"LA",125,0.072427839,0.00079611427,0.017659586,0.010168006,"Very High","Low","Moderate","Moderate",84,32,48,57,"Very High","Moderate","High","High",99,51,66,79,"Very High","Moderate","Moderate","High",94,48,60,71
"170",22071014300,2015,22071,22,"LA",774,0.0082692131,-0.051232494,-0.49550837,-0.062300626,"Moderate","Very Low","Very Low","Very Low",59,7,2,4,"High","Very Low","Very Low","Very Low",78,14,2,5,"High","Very Low","Very Low","Very Low",66,15,2,3
"171",22071014400,2015,22071,22,"LA",191,0.089573696,-0.0020507225,0.07971926,0.019003931,"Very High","Low","High","High",88,30,61,67,"Very High","Moderate","High","Very High",100,49,79,86,"Very High","Moderate","High","High",99,46,74,80
